,Player,Career Start,Career End,Col Games Played,Col MP,Col FG,Col FGA,Col 2P,Col 2PA,Col 3P,Col 3PA,Col FT,Col FTA,Col ORB,Col DRB,Col TRB,Col AST,Col STL,Col BLK,Col TOV,Col PTS,player_id
0,A.J. English,2013,2016,31.7,1161.3,190.7,449.7,96.0,194.7,94.7,255.0,152.3,191.3,21.0,127.3,148.3,162.7,42.0,15.3,107.0,628.3,10263
1,Aaron Brooks,2006,2007,35.0,1289.0,213.0,463.0,133.0,265.0,80.0,198.0,115.0,136.0,31.0,118.0,149.0,149.0,48.0,6.0,89.0,621.0,9575
2,Aaron Harrison,2013,2014,40.0,1303.0,174.0,411.0,112.0,237.0,62.0,174.0,139.0,176.0,25.0,93.0,118.0,74.0,43.0,12.0,65.0,549.0,10767
3,Acie Law,2006,2007,34.0,1153.0,216.0,432.0,178.0,349.0,38.0,83.0,144.0,185.0,8.0,105.0,113.0,169.0,39.0,1.0,88.0,614.0,11442
4,Adam Morrison,2004,2006,32.0,1132.0,266.0,535.5,210.5,389.5,55.5,146.0,170.0,221.5,45.0,131.5,176.5,72.0,27.0,12.5,64.0,757.5,11940
5,Al Thornton,2006,2007,35.0,1092.0,244.0,460.0,208.0,379.0,36.0,81.0,166.0,210.0,106.0,145.0,251.0,24.0,53.0,40.0,87.0,690.0,13117
6,Alan Williams,2013,2014,28.0,872.0,224.0,420.0,224.0,420.0,0.0,0.0,148.0,216.0,106.0,216.0,322.0,33.0,33.0,67.0,59.0,596.0,13453
7,Alando Tucker,2005,2007,33.5,1107.5,239.0,517.5,210.5,422.0,28.5,95.5,145.5,241.0,76.5,110.0,186.5,63.0,26.0,8.5,61.5,652.0,13173
8,Alec Burks,2010,2011,38.0,1193.0,251.0,535.0,223.0,439.0,28.0,96.0,249.0,302.0,91.0,156.0,247.0,112.0,41.0,12.0,99.0,779.0,9656
9,Alec Peters,2014,2017,33.3,1081.3,212.0,436.3,134.7,254.7,77.3,181.7,137.0,159.3,77.0,200.3,277.3,51.7,24.3,11.0,61.0,638.3,12277
10,Allan Ray,2003,2006,33.5,1121.0,194.5,470.5,97.5,215.5,97.0,255.0,113.0,135.0,20.0,105.0,125.0,76.0,35.0,5.0,74.0,599.0,12425
11,Allen Crabbe,2012,2013,33.0,1195.0,215.0,468.0,151.0,284.0,64.0,184.0,113.0,139.0,33.0,167.0,200.0,87.0,37.0,23.0,83.0,607.0,9921
12,Andre Emmett,2001,2004,33.3,1188.3,266.3,518.3,254.3,481.3,12.0,37.0,135.7,191.3,74.7,146.3,221.0,57.7,49.3,13.0,67.3,680.3,10259
13,Andre Owens,2004,2005,32.0,1114.0,195.0,485.0,95.0,205.0,100.0,280.0,95.0,132.0,46.0,109.0,155.0,67.0,42.0,5.0,61.0,585.0,12170
14,Andrew Bogut,2004,2005,35.0,1224.0,281.0,453.0,272.0,428.0,9.0,25.0,144.0,208.0,130.0,297.0,427.0,82.0,34.0,65.0,96.0,715.0,9467
15,Andrew Goudelock,2008,2011,35.7,1210.7,263.0,578.0,155.3,316.3,107.7,261.7,78.7,94.3,22.7,104.3,127.0,118.3,32.3,10.3,85.3,712.3,10560
16,Andrew Nicholson,2010,2012,31.5,1005.5,228.5,400.0,214.0,362.0,14.5,38.0,146.5,198.5,67.5,179.5,247.0,32.5,19.0,54.0,89.5,618.0,12057
17,Andrew Wiggins,2013,2014,35.0,1148.0,189.0,422.0,146.0,296.0,43.0,126.0,176.0,227.0,76.0,129.0,205.0,54.0,41.0,34.0,80.0,597.0,13429
18,Anthony Bennett,2012,2013,35.0,950.0,202.0,379.0,166.0,283.0,36.0,96.0,124.0,177.0,86.0,199.0,285.0,34.0,24.0,43.0,65.0,564.0,9390
19,Anthony Brown,2014,2015,37.0,1320.0,176.0,408.0,97.0,229.0,79.0,179.0,116.0,146.0,42.0,214.0,256.0,94.0,28.0,7.0,72.0,547.0,9582
20,Anthony Davis,2011,2012,40.0,1281.0,210.0,337.0,207.0,317.0,3.0,20.0,144.0,203.0,119.0,296.0,415.0,50.0,54.0,186.0,41.0,567.0,10002
21,Anthony Grundy,2001,2002,34.0,1102.0,219.0,451.0,172.0,315.0,47.0,136.0,121.0,158.0,53.0,133.0,186.0,120.0,70.0,5.0,75.0,606.0,10652
22,Anthony Johnson,2009,2010,33.0,1077.5,196.0,389.0,173.5,337.0,22.5,52.0,166.0,219.0,90.0,128.0,218.0,56.0,32.5,43.0,76.0,580.5,11091
23,Anthony Roberson,2003,2005,30.0,944.0,186.5,406.5,90.0,169.0,96.5,237.5,80.0,91.0,15.0,62.0,77.0,92.5,28.0,3.0,61.0,549.5,12507
24,Antoine Wright,2004,2005,31.0,1052.0,193.0,385.0,122.0,226.0,71.0,159.0,96.0,139.0,51.0,134.0,185.0,69.0,36.0,22.0,75.0,553.0,13592
25,Antonius Cleveland,2016,2017,33.0,1086.0,208.0,383.0,180.0,310.0,28.0,73.0,105.0,159.0,28.0,141.0,169.0,73.0,47.0,30.0,66.0,549.0,9825
26,Arron Afflalo,2005,2007,37.5,1244.5,206.5,447.5,121.5,218.0,85.0,229.5,115.0,143.0,23.5,108.0,131.5,69.5,23.0,6.5,71.5,613.0,9127
27,Ben Bentil,2015,2016,35.0,1198.0,246.0,533.0,194.0,375.0,52.0,158.0,194.0,248.0,94.0,174.0,268.0,40.0,30.0,36.0,67.0,738.0,9400
28,Ben Gordon,2002,2004,36.0,1223.5,225.0,513.5,133.0,298.0,92.0,215.5,142.0,173.5,31.5,129.5,161.0,166.0,45.5,6.5,110.5,684.0,10553
29,Ben Hansbrough,2010,2011,34.0,1202.0,194.0,405.0,107.0,205.0,87.0,200.0,150.0,184.0,25.0,106.0,131.0,145.0,41.0,4.0,81.0,625.0,10716
30,Ben McLemore,2012,2013,37.0,1191.0,198.0,400.0,125.0,226.0,73.0,174.0,120.0,138.0,47.0,145.0,192.0,73.0,37.0,25.0,77.0,589.0,11777
31,Ben Simmons,2015,2016,33.0,1151.0,216.0,386.0,215.0,383.0,1.0,3.0,199.0,297.0,103.0,285.0,388.0,158.0,65.0,27.0,111.0,632.0,12783
32,Ben Uzoh,2007,2008,39.0,1258.0,208.0,426.0,153.0,269.0,55.0,157.0,137.0,170.0,64.0,148.0,212.0,88.0,39.0,29.0,92.0,608.0,13211
33,Blake Griffin,2008,2009,35.0,1165.0,300.0,459.0,297.0,451.0,3.0,8.0,191.0,324.0,135.0,369.0,504.0,80.0,39.0,41.0,116.0,794.0,10637
34,Bobby Brown,2004,2007,29.5,1041.0,190.5,434.0,108.0,209.0,82.5,225.0,78.5,97.5,13.5,64.0,77.5,143.5,38.5,3.0,100.5,542.0,9584
35,Bobby Portis,2014,2015,36.0,1076.0,250.0,466.0,236.0,436.0,14.0,30.0,115.0,156.0,133.0,188.0,321.0,42.0,39.0,50.0,56.0,629.0,12340
36,Bradley Beal,2011,2012,37.0,1267.0,175.0,393.0,112.0,207.0,63.0,186.0,133.0,173.0,50.0,199.0,249.0,83.0,51.0,31.0,79.0,546.0,9353
37,Brandan Wright,2006,2007,37.0,1013.0,228.0,353.0,228.0,353.0,0.0,0.0,89.0,157.0,77.0,152.0,229.0,37.0,36.0,65.0,59.0,545.0,13595
38,Brandin Knight,2001,2002,35.0,1284.0,194.0,454.0,101.0,193.0,93.0,261.0,65.0,147.0,27.0,140.0,167.0,251.0,82.0,16.0,112.0,546.0,11335
39,Brandon Armstrong,2000,2001,31.0,1027.0,240.0,537.0,164.0,339.0,76.0,198.0,128.0,155.0,36.0,65.0,101.0,46.0,46.0,6.0,65.0,684.0,9226
40,Brandon Davies,2012,2013,36.0,1054.0,229.0,439.0,224.0,425.0,5.0,14.0,174.0,255.0,74.0,213.0,287.0,88.0,48.0,35.0,92.0,637.0,10001
41,Brandon Hunter,2000,2003,30.0,1067.0,199.0,385.0,192.0,362.0,7.0,23.0,188.5,303.0,88.0,242.0,330.0,79.0,24.0,25.0,112.5,593.5,10969
42,Brandon Ingram,2015,2016,36.0,1246.0,214.0,484.0,134.0,289.0,80.0,195.0,116.0,170.0,67.0,177.0,244.0,72.0,41.0,49.0,72.0,624.0,10996
43,Brandon Knight,2010,2011,38.0,1363.0,217.0,513.0,130.0,282.0,87.0,231.0,136.0,171.0,25.0,128.0,153.0,159.0,25.0,8.0,120.0,657.0,11336
44,Brandon Paul,2012,2013,36.0,1153.0,184.0,459.0,106.0,219.0,78.0,240.0,152.0,206.0,22.0,135.0,157.0,98.0,44.0,23.0,96.0,598.0,12231
45,Brandon Roy,2005,2006,33.0,1046.0,228.0,449.0,189.0,352.0,39.0,97.0,171.0,211.0,69.0,117.0,186.0,135.0,46.0,26.0,75.0,666.0,12592
46,Brian Cook,2002,2003,30.0,940.0,202.0,422.0,175.0,333.0,27.0,89.0,168.0,205.0,44.0,183.0,227.0,60.0,20.0,13.0,83.0,599.0,9879
47,Brian Roberts,2006,2008,32.5,1141.0,193.5,411.5,102.5,212.0,91.0,199.5,122.0,138.5,7.0,85.5,92.5,99.5,17.0,5.5,83.0,600.0,12512
48,Brice Johnson,2015,2016,40.0,1121.0,267.0,435.0,267.0,435.0,0.0,0.0,144.0,184.0,115.0,301.0,416.0,58.0,43.0,59.0,71.0,678.0,11095
49,Bryce Cotton,2012,2014,33.5,1303.5,212.5,497.5,125.0,258.0,87.5,239.5,184.0,221.5,21.0,98.5,119.5,148.5,32.5,3.0,66.0,696.5,9906
50,Buddy Hield,2013,2016,35.0,1167.7,234.0,513.0,124.0,241.7,110.0,271.3,115.3,138.0,53.3,129.3,182.7,68.0,45.0,10.3,80.3,693.3,10855
51,C.J. McCollum,2009,2012,33.0,1095.0,223.7,517.3,162.3,346.7,61.3,170.7,182.7,222.0,51.7,160.3,212.0,89.7,70.3,15.7,78.3,691.3,11719
52,C.J. Wilcox,2012,2014,33.0,1150.0,199.0,457.5,116.5,240.0,82.5,217.5,98.0,116.0,31.0,101.5,132.5,73.0,34.5,34.0,58.5,578.5,13432
53,Caleb Swanigan,2016,2017,35.0,1139.0,222.0,421.0,184.0,336.0,38.0,85.0,164.0,210.0,96.0,340.0,436.0,107.0,15.0,28.0,118.0,646.0,13009
54,Cameron Bairstow,2013,2014,34.0,1119.0,237.0,426.0,236.0,423.0,1.0,3.0,219.0,298.0,76.0,175.0,251.0,53.0,19.0,51.0,68.0,694.0,9273
55,Cameron Payne,2013,2015,34.5,1119.0,217.5,503.5,139.5,286.5,78.0,217.0,126.5,162.0,15.5,110.5,126.0,197.0,62.5,18.5,98.5,639.5,12242
56,Carl Landry,2006,2007,34.0,1035.0,219.0,367.0,215.0,348.0,4.0,19.0,201.0,277.0,101.0,148.0,249.0,42.0,40.0,32.0,102.0,643.0,11414
57,Carlos Arroyo,2000,2001,29.0,1113.0,215.0,499.0,163.0,323.0,52.0,176.0,134.0,180.0,24.0,76.0,100.0,117.0,51.0,6.0,107.0,616.0,9234
58,Carlos Boozer,2001,2002,35.0,993.0,230.0,346.0,230.0,345.0,0.0,1.0,178.0,236.0,119.0,184.0,303.0,38.0,31.0,21.0,65.0,638.0,9489
59,Carmelo Anthony,2002,2003,35.0,1274.0,277.0,612.0,221.0,446.0,56.0,166.0,168.0,238.0,101.0,248.0,349.0,77.0,55.0,30.0,77.0,778.0,9208
60,Caron Butler,2001,2002,34.0,1223.0,253.0,521.0,223.0,446.0,30.0,75.0,155.0,199.0,108.0,148.0,256.0,101.0,71.0,13.0,98.0,691.0,9675
61,Cartier Martin,2006,2007,35.0,963.0,197.0,428.0,119.0,226.0,78.0,202.0,127.0,159.0,69.0,86.0,155.0,45.0,24.0,8.0,58.0,599.0,11652
62,Casey Jacobsen,2000,2002,32.0,1068.5,204.0,432.5,130.0,257.5,74.0,175.0,155.0,196.0,36.5,99.0,135.5,92.0,18.0,3.0,69.0,637.0,11043
63,Casper Ware,2010,2012,34.0,1166.5,180.5,439.5,96.0,209.0,84.5,230.5,142.5,177.5,14.5,68.5,83.0,132.0,51.0,4.5,91.5,588.0,13317
64,Channing Frye,2004,2005,37.0,1148.0,227.0,410.0,224.0,393.0,3.0,17.0,127.0,153.0,104.0,178.0,282.0,72.0,35.0,85.0,64.0,584.0,10425
65,Charles Jenkins,2008,2011,33.0,1196.0,229.0,505.3,175.7,368.7,53.3,136.7,181.0,221.7,28.0,111.3,139.3,143.0,54.7,18.7,96.0,692.3,11075
66,Charles Williams,2017,2019,33.0,1100.0,231.0,518.0,164.0,347.0,67.0,171.0,102.5,125.0,22.5,78.5,101.0,21.0,25.0,9.5,53.5,631.5,13461
67,Chase Budinger,2007,2009,34.5,1258.5,211.5,456.5,141.5,276.5,70.0,180.0,113.5,149.0,41.5,159.0,200.5,108.5,44.0,11.0,82.5,606.5,9641
68,Chasson Randle,2013,2015,36.5,1305.0,217.5,499.5,138.5,288.0,79.0,211.5,185.5,225.5,15.5,110.5,126.0,94.5,43.5,3.5,81.5,699.5,12409
69,Chris Douglas-Roberts,2006,2008,37.5,1038.5,226.5,418.0,194.5,334.5,32.0,83.5,146.0,202.5,45.0,97.5,142.5,66.0,44.0,17.0,74.5,631.0,10142
70,Chris Harris,2009,2010,30.0,1047.0,183.0,512.0,95.0,255.0,88.0,257.0,178.0,204.0,8.0,67.0,75.0,56.0,60.0,3.0,88.0,632.0,10755
71,Chris Kaman,2002,2003,31.0,1055.0,244.0,392.0,244.0,392.0,0.0,0.0,206.0,275.0,112.0,261.0,373.0,37.0,19.0,98.0,137.0,694.0,11235
72,Cleanthony Early,2012,2014,37.5,982.5,185.5,395.0,129.0,232.5,56.5,162.5,140.0,171.0,68.5,144.0,212.5,25.0,29.0,31.5,65.5,567.5,10201
73,Cody Zeller,2011,2013,36.0,1043.5,199.5,337.0,199.5,336.0,0.0,1.0,179.5,237.5,94.0,168.5,262.5,46.0,43.0,43.5,70.5,578.5,13633
74,Cory Higgins,2008,2011,33.3,1134.7,186.0,396.7,152.7,301.7,33.3,95.0,173.0,205.3,23.0,114.0,137.0,82.3,52.0,12.0,79.7,578.3,10857
75,Courtney Lee,2007,2008,36.0,1079.0,259.0,543.0,190.0,369.0,69.0,174.0,148.0,180.0,48.0,127.0,175.0,75.0,65.0,28.0,84.0,735.0,11458
76,Craig Brackins,2008,2009,32.0,1041.0,243.0,512.0,222.0,438.0,21.0,74.0,138.0,198.0,55.0,248.0,303.0,43.0,17.0,30.0,74.0,645.0,9519
77,Craig Smith,2002,2006,33.7,1137.0,239.7,416.3,236.0,401.0,3.7,15.3,125.7,198.0,98.3,191.0,289.3,65.3,40.7,29.0,76.0,608.7,12839
78,D'Angelo Russell,2014,2015,35.0,1188.0,231.0,515.0,136.0,284.0,95.0,231.0,118.0,156.0,35.0,163.0,198.0,175.0,55.0,11.0,102.0,675.0,12618
79,D.J. Augustin,2007,2008,38.0,1417.0,242.0,551.0,168.0,357.0,74.0,194.0,173.0,221.0,20.0,92.0,112.0,219.0,47.0,0.0,105.0,731.0,9247
80,D.J. White,2007,2008,33.0,1105.0,216.0,357.0,215.0,354.0,1.0,3.0,142.0,206.0,100.0,241.0,341.0,25.0,26.0,54.0,63.0,575.0,13400
81,Dahntay Jones,2002,2003,33.0,1014.0,198.0,421.0,151.0,303.0,47.0,118.0,140.0,187.0,46.0,134.0,180.0,29.0,38.0,18.0,63.0,583.0,11170
82,Dajuan Wagner,2001,2002,36.0,1146.0,265.0,647.0,199.0,439.0,66.0,208.0,166.0,230.0,18.0,71.0,89.0,128.0,43.0,20.0,105.0,762.0,13272
83,Damian Lillard,2009,2012,31.5,1083.5,208.0,462.0,119.0,240.0,89.0,222.0,195.5,224.0,14.0,129.0,143.0,120.0,41.0,5.5,74.0,700.5,11508
84,Damion James,2008,2010,34.5,1031.5,206.5,426.5,174.5,336.5,32.0,90.0,130.5,192.5,105.0,231.0,336.0,40.0,45.5,35.0,74.0,575.5,11049
85,Damone Brown,2000,2001,34.0,1242.0,215.0,437.0,211.0,423.0,4.0,14.0,125.0,158.0,109.0,191.0,300.0,56.0,58.0,48.0,69.0,559.0,9586
86,Damyean Dotson,2016,2017,32.0,1098.0,202.0,430.0,94.0,186.0,108.0,244.0,44.0,53.0,49.0,173.0,222.0,36.0,29.0,5.0,33.0,556.0,10135
87,Dan Dickau,2001,2002,32.0,1110.0,195.0,442.0,78.0,186.0,117.0,256.0,165.0,191.0,15.0,80.0,95.0,149.0,26.0,4.0,92.0,672.0,10092
88,Danny Granger,2004,2005,30.0,900.0,183.0,349.0,138.0,245.0,45.0,104.0,154.0,204.0,69.0,197.0,266.0,71.0,63.0,60.0,72.0,565.0,10575
89,Dante Cunningham,2008,2009,38.0,1199.0,244.0,465.0,244.0,463.0,0.0,2.0,124.0,178.0,99.0,185.0,284.0,47.0,47.0,47.0,82.0,612.0,9955
90,Danuel House,2015,2016,36.0,1114.0,185.0,467.0,110.0,224.0,75.0,243.0,118.0,165.0,39.0,132.0,171.0,77.0,19.0,11.0,64.0,563.0,10936
91,Darington Hobson,2009,2010,35.0,1175.0,193.0,439.0,154.0,331.0,39.0,108.0,130.0,199.0,74.0,250.0,324.0,160.0,44.0,15.0,104.0,555.0,10885
92,Darius Johnson-Odom,2010,2012,35.5,1114.5,203.0,461.5,129.0,264.0,74.0,197.5,123.5,168.0,20.0,95.5,115.5,90.5,31.5,5.5,77.5,603.5,11153
93,Darius Songaila,2001,2002,34.0,1036.0,204.0,390.0,198.0,374.0,6.0,16.0,193.0,226.0,76.0,200.0,276.0,89.0,45.0,27.0,119.0,607.0,12901
94,Darius Washington,2004,2005,38.0,1334.0,193.0,420.0,146.0,301.0,47.0,119.0,151.0,206.0,37.0,101.0,138.0,144.0,63.0,3.0,134.0,584.0,13330
95,David West,2001,2003,32.0,1131.0,204.5,390.5,195.5,363.5,9.0,27.0,197.0,248.5,95.5,250.0,345.5,76.0,40.0,66.0,92.0,615.0,13383
96,De'Aaron Fox,2016,2017,36.0,1064.0,214.0,447.0,197.0,378.0,17.0,69.0,156.0,212.0,21.0,122.0,143.0,165.0,53.0,7.0,87.0,601.0,10397
97,DeJuan Blair,2008,2009,35.0,955.0,226.0,381.0,226.0,381.0,0.0,0.0,98.0,162.0,195.0,237.0,432.0,42.0,54.0,34.0,44.0,550.0,9442
98,DeMarcus Cousins,2009,2010,38.0,893.0,206.0,369.0,205.0,363.0,1.0,6.0,162.0,268.0,154.0,220.0,374.0,38.0,37.0,67.0,78.0,575.0,9914
99,DeMarre Carroll,2008,2009,38.0,1064.0,246.0,441.0,230.0,397.0,16.0,44.0,121.0,191.0,92.0,181.0,273.0,82.0,59.0,25.0,56.0,629.0,9737
100,Dejounte Murray,2015,2016,34.0,1139.0,202.0,486.0,168.0,368.0,34.0,118.0,110.0,166.0,48.0,155.0,203.0,151.0,62.0,10.0,110.0,548.0,11983
101,Delonte West,2003,2004,32.0,1073.0,212.0,416.0,156.0,280.0,56.0,136.0,124.0,139.0,38.0,134.0,172.0,151.0,55.0,6.0,82.0,604.0,13384
102,Demetris Nichols,2006,2007,35.0,1217.0,225.0,503.0,125.0,263.0,100.0,240.0,113.0,133.0,50.0,140.0,190.0,54.0,49.0,37.0,77.0,663.0,12055
103,Demetrius Jackson,2015,2016,35.0,1259.0,193.0,428.0,139.0,265.0,54.0,163.0,113.0,139.0,31.0,90.0,121.0,164.0,43.0,10.0,76.0,553.0,11016
104,Denzel Valentine,2014,2016,35.0,1158.5,201.0,444.5,98.0,205.0,103.0,239.5,76.0,90.5,35.5,203.5,239.0,204.0,33.5,8.0,88.5,581.0,13215
105,Derrick Byars,2006,2007,34.0,1068.0,206.0,451.0,127.0,239.0,79.0,212.0,86.0,121.0,52.0,113.0,165.0,116.0,48.0,4.0,80.0,577.0,9683
106,Derrick Rose,2007,2008,40.0,1168.0,208.0,436.0,173.0,332.0,35.0,104.0,146.0,205.0,54.0,127.0,181.0,189.0,48.0,15.0,107.0,597.0,12571
107,Derrick Walton,2016,2017,38.0,1323.0,171.0,392.0,73.0,160.0,98.0,232.0,149.0,170.0,17.0,165.0,182.0,189.0,43.0,1.0,66.0,589.0,13309
108,Derrick White,2016,2017,34.0,1116.0,205.0,404.0,148.0,260.0,57.0,144.0,148.0,182.0,35.0,104.0,139.0,148.0,42.0,49.0,81.0,615.0,13401
109,Derrick Williams,2010,2011,38.0,1141.0,226.0,380.0,184.0,306.0,42.0,74.0,247.0,331.0,105.0,209.0,314.0,43.0,37.0,26.0,100.0,741.0,13467
110,Desmon Farmer,2002,2004,29.0,982.5,176.0,445.5,103.0,223.5,73.0,222.0,128.0,161.0,50.0,85.5,135.5,52.5,30.5,3.0,69.0,553.0,10303
111,Devin Brown,2000,2001,28.0,906.0,186.0,436.0,141.0,279.0,45.0,157.0,139.0,193.0,62.0,150.0,212.0,71.0,47.0,9.0,88.0,556.0,9591
112,Devin Harris,2003,2004,32.0,1162.0,189.0,412.0,114.0,211.0,75.0,201.0,171.0,216.0,20.0,119.0,139.0,141.0,56.0,4.0,66.0,624.0,10756
113,Diante Garrett,2010,2011,32.0,1175.0,214.0,518.0,155.0,333.0,59.0,185.0,66.0,80.0,12.0,107.0,119.0,195.0,55.0,7.0,106.0,553.0,10475
114,Dillon Brooks,2015,2017,36.5,1066.5,218.5,457.0,166.0,315.0,52.5,142.0,110.0,140.5,56.0,103.5,159.5,107.0,39.0,15.5,80.5,599.5,9576
115,Dionte Christmas,2006,2009,32.7,1162.0,206.7,472.3,107.0,203.7,99.7,268.7,131.0,164.7,35.3,139.7,175.0,82.0,46.0,7.7,89.0,644.0,9803
116,Domantas Sabonis,2015,2016,36.0,1149.0,239.0,391.0,234.0,377.0,5.0,14.0,150.0,195.0,110.0,316.0,426.0,64.0,22.0,31.0,92.0,633.0,12625
117,Dominique Jones,2008,2010,32.0,1192.5,207.5,477.0,154.5,306.0,53.0,171.0,165.0,226.5,49.0,138.0,187.0,121.0,48.5,15.5,89.5,633.0,11175
118,Donald Sloan,2009,2010,34.0,1130.0,200.0,450.0,153.0,321.0,47.0,129.0,157.0,204.0,23.0,99.0,122.0,79.0,22.0,2.0,80.0,604.0,12820
119,Donte Greene,2007,2008,35.0,1253.0,218.0,521.0,128.0,260.0,90.0,261.0,94.0,133.0,60.0,191.0,251.0,71.0,45.0,57.0,91.0,620.0,10624
120,Doron Lamb,2011,2012,40.0,1249.0,175.0,369.0,99.0,206.0,76.0,163.0,123.0,149.0,15.0,93.0,108.0,60.0,19.0,2.0,44.0,549.0,11407
121,Doug McDermott,2010,2014,36.2,1142.2,285.2,518.8,216.8,369.2,68.5,149.5,148.5,178.8,70.2,201.8,272.0,48.5,8.5,3.5,80.2,787.5,11736
122,Draymond Green,2011,2012,37.0,1229.0,212.0,472.0,160.0,338.0,52.0,134.0,125.0,173.0,79.0,315.0,394.0,141.0,54.0,35.0,112.0,601.0,10604
123,Drew Gooden,2001,2002,37.0,1119.0,285.0,566.0,275.0,530.0,10.0,36.0,154.0,204.0,126.0,297.0,423.0,73.0,65.0,53.0,108.0,734.0,10547
124,Dwayne Bacon,2016,2017,35.0,1008.0,221.0,489.0,164.0,318.0,57.0,171.0,104.0,138.0,35.0,112.0,147.0,61.0,35.0,4.0,71.0,603.0,9263
125,Dwyane Wade,2001,2003,32.5,996.5,237.0,479.5,221.0,431.5,16.0,48.0,150.5,202.0,70.5,139.5,210.0,127.5,75.0,39.5,101.5,640.5,13268
126,E'Twaun Moore,2009,2011,34.5,1127.5,216.5,485.0,156.0,324.5,60.5,160.5,100.0,139.0,41.5,113.0,154.5,100.5,46.0,14.0,67.0,593.5,11914
127,Edwin Ubiles,2007,2008,34.0,1130.0,231.0,439.0,197.0,358.0,34.0,81.0,81.0,115.0,47.0,101.0,148.0,57.0,41.0,33.0,55.0,577.0,13201
128,Elfrid Payton,2013,2014,35.0,1258.0,237.0,466.0,223.0,412.0,14.0,54.0,184.0,302.0,81.0,129.0,210.0,208.0,80.0,21.0,127.0,672.0,12245
129,Elijah Millsap,2009,2010,34.0,1124.0,182.0,418.0,163.0,339.0,19.0,79.0,164.0,236.0,92.0,232.0,324.0,60.0,56.0,11.0,118.0,547.0,11870
130,Elliot Williams,2009,2010,34.0,1133.0,178.0,388.0,118.0,224.0,60.0,164.0,194.0,256.0,25.0,110.0,135.0,128.0,45.0,4.0,100.0,610.0,13470
131,Elston Turner,2012,2013,32.0,1139.0,199.0,467.0,125.0,262.0,74.0,205.0,89.0,105.0,14.0,82.0,96.0,74.0,31.0,7.0,59.0,561.0,13183
132,Emeka Okafor,2003,2004,36.0,1166.0,261.0,436.0,261.0,436.0,0.0,0.0,113.0,218.0,138.0,277.0,415.0,36.0,36.0,147.0,84.0,635.0,12133
133,Eric Gordon,2007,2008,32.0,1110.0,184.0,425.0,114.0,217.0,70.0,208.0,231.0,277.0,23.0,81.0,104.0,78.0,42.0,20.0,115.0,669.0,10555
134,Eric Maynor,2007,2009,33.0,1160.5,222.0,481.5,164.0,326.5,58.0,155.0,164.5,207.5,20.0,108.0,128.0,192.5,49.0,6.5,98.5,666.5,11692
135,Eric Williams,2005,2006,34.0,1107.0,223.0,360.0,223.0,360.0,0.0,0.0,109.0,221.0,107.0,194.0,301.0,34.0,44.0,37.0,77.0,555.0,13471
136,Erick Green,2012,2013,32.0,1166.0,261.0,550.0,200.0,393.0,61.0,157.0,218.0,267.0,15.0,112.0,127.0,121.0,42.0,6.0,69.0,801.0,10605
137,Evan Turner,2008,2010,32.0,1155.0,215.0,420.5,199.5,380.5,15.5,40.0,156.5,202.5,59.0,200.0,259.0,158.0,56.0,27.5,126.5,602.0,13184
138,Francisco Garcia,2004,2005,38.0,1211.0,187.0,428.0,116.0,234.0,71.0,194.0,150.0,171.0,45.0,113.0,158.0,148.0,65.0,56.0,104.0,595.0,10457
139,Frank Kaminsky,2014,2015,39.0,1311.0,267.0,488.0,225.0,387.0,42.0,101.0,156.0,200.0,58.0,262.0,320.0,103.0,33.0,57.0,63.0,732.0,11236
140,Frank Mason,2016,2017,36.0,1301.0,241.0,492.0,159.0,318.0,82.0,174.0,189.0,238.0,22.0,128.0,150.0,187.0,47.0,2.0,86.0,753.0,11671
141,Frank Williams,2001,2002,35.0,1135.0,174.0,443.0,120.0,284.0,54.0,159.0,164.0,203.0,32.0,131.0,163.0,153.0,71.0,10.0,96.0,566.0,13473
142,Fred Jones,2001,2002,35.0,1103.0,215.0,413.0,164.0,276.0,51.0,137.0,169.0,194.0,65.0,124.0,189.0,111.0,63.0,18.0,82.0,650.0,11182
143,Gary Forbes,2007,2008,36.0,1214.0,233.0,572.0,176.0,377.0,57.0,195.0,175.0,243.0,65.0,205.0,270.0,109.0,41.0,25.0,113.0,698.0,10370
144,Gary Harris,2013,2014,35.0,1131.0,195.0,455.0,114.0,225.0,81.0,230.0,115.0,142.0,37.0,103.0,140.0,94.0,63.0,15.0,60.0,586.0,10758
145,Gary Neal,2002,2007,30.5,1048.5,218.0,511.0,128.5,257.0,89.5,254.0,149.5,180.5,31.0,97.5,128.5,79.0,32.0,3.0,68.5,675.0,12025
146,George Hill,2005,2008,30.5,1099.0,197.5,371.0,165.0,291.5,32.5,79.5,190.5,236.5,55.5,139.0,194.5,121.0,53.0,11.0,87.0,618.0,10869
147,Georges Niang,2013,2016,34.5,1093.5,252.5,493.0,200.5,348.0,52.0,145.0,85.5,111.5,40.0,145.0,185.0,120.0,26.0,21.5,87.0,642.5,12054
148,Gerald Brown,2006,2008,31.0,1027.5,191.5,459.0,129.0,279.0,62.5,180.0,182.5,237.0,42.5,109.0,151.5,70.5,53.0,9.0,107.5,628.0,9595
149,Gerald Henderson,2008,2009,37.0,1098.0,213.0,473.0,172.0,351.0,41.0,122.0,143.0,188.0,46.0,137.0,183.0,91.0,46.0,28.0,80.0,610.0,10818
150,Gerald Henderson,2008,2009,37.0,1098.0,213.0,473.0,172.0,351.0,41.0,122.0,143.0,188.0,46.0,137.0,183.0,91.0,46.0,28.0,80.0,610.0,10819
151,Gian Clavell,2016,2017,27.0,987.0,193.0,449.0,115.0,247.0,78.0,202.0,88.0,127.0,37.0,133.0,170.0,47.0,53.0,20.0,53.0,552.0,9817
152,Gilbert Arenas,2000,2001,36.0,1044.0,208.0,434.0,139.0,268.0,69.0,166.0,97.0,134.0,29.0,102.0,131.0,84.0,65.0,7.0,101.0,582.0,9220
153,Glen Davis,2005,2006,36.0,1144.0,250.0,505.0,244.0,482.0,6.0,23.0,163.0,241.0,145.0,205.0,350.0,50.0,47.0,41.0,96.0,669.0,10018
154,Gordon Hayward,2009,2010,37.0,1239.0,173.0,373.0,126.0,213.0,47.0,160.0,179.0,216.0,72.0,233.0,305.0,62.0,40.0,30.0,85.0,572.0,10800
155,Greg Monroe,2009,2010,34.0,1164.0,202.0,385.0,195.0,358.0,7.0,27.0,138.0,209.0,74.0,254.0,328.0,128.0,42.0,52.0,112.0,549.0,11906
156,Greivis Vasquez,2007,2010,34.0,1196.0,212.3,504.0,146.0,303.7,66.3,200.3,121.3,145.3,35.3,143.0,178.3,205.0,50.7,11.3,119.3,612.3,13236
157,Guillermo Diaz,2004,2006,31.5,1096.0,192.0,442.0,122.5,251.0,69.5,191.0,108.5,144.5,24.0,89.0,113.0,86.5,41.5,8.0,68.5,562.0,10091
158,Hakim Warrick,2003,2005,32.5,1215.5,237.5,448.0,233.0,429.5,4.5,18.5,191.0,278.5,102.0,178.0,280.0,66.0,31.0,31.0,90.5,670.5,13327
159,Harrison Barnes,2010,2012,37.5,1099.0,219.0,509.0,161.0,343.0,58.0,166.0,117.0,159.5,74.5,132.5,207.0,48.0,34.0,14.5,73.0,613.0,9301
160,Hassan Adams,2005,2006,31.0,1031.0,234.0,490.0,217.0,425.0,17.0,65.0,58.0,95.0,67.0,88.0,155.0,90.0,82.0,14.0,69.0,543.0,9119
161,Henry Ellenson,2015,2016,33.0,1107.0,194.0,435.0,164.0,331.0,30.0,104.0,143.0,191.0,71.0,250.0,321.0,59.0,28.0,49.0,78.0,561.0,10239
162,Ian Clark,2012,2013,33.0,1102.0,217.0,400.0,115.0,178.0,102.0,222.0,65.0,78.0,12.0,96.0,108.0,79.0,53.0,8.0,88.0,601.0,9812
163,Ike Diogu,2002,2005,30.3,1063.3,205.7,360.0,192.0,324.7,13.7,35.3,223.7,284.7,102.0,165.3,267.3,37.7,13.0,51.0,101.7,648.7,10115
164,Isaiah Canaan,2011,2013,32.0,1121.5,201.0,449.5,105.0,215.0,96.0,234.5,153.0,184.5,23.0,89.0,112.0,126.5,46.0,3.0,93.5,651.0,9713
165,Isaiah Thomas,2008,2011,35.0,1065.7,184.7,433.7,130.0,265.3,54.7,168.3,149.7,210.0,23.3,98.7,122.0,138.3,40.7,2.3,93.0,573.7,13079
166,Isaiah Whitehead,2015,2016,34.0,1098.0,194.0,512.0,113.0,290.0,81.0,222.0,149.0,196.0,18.0,104.0,122.0,173.0,40.0,49.0,119.0,618.0,13416
167,J.J. Barea,2003,2006,28.3,953.3,207.3,515.0,138.3,300.7,69.0,214.3,120.7,159.3,24.3,93.0,117.3,204.0,44.7,0.0,115.7,604.3,9294
168,J.J. Redick,2003,2006,35.3,1239.7,225.3,515.0,104.7,219.0,120.7,296.0,186.7,205.0,15.7,82.3,98.0,79.7,38.0,2.3,80.7,758.0,12438
169,J.R. Bremer,2001,2002,30.0,1140.0,231.0,560.0,143.0,294.0,88.0,266.0,188.0,234.0,40.0,100.0,140.0,92.0,56.0,2.0,91.0,738.0,9547
170,J.R. Giddens,2007,2008,33.0,1063.0,210.0,407.0,185.0,332.0,25.0,75.0,92.0,157.0,57.0,233.0,290.0,103.0,47.0,39.0,73.0,537.0,10514
171,JaJuan Johnson,2009,2011,34.5,1148.0,224.5,449.5,217.0,422.0,7.5,27.5,163.5,214.5,82.0,188.5,270.5,29.5,30.0,75.5,59.5,620.0,11122
172,Jabari Brown,2013,2014,35.0,1295.0,203.0,435.0,123.0,240.0,80.0,195.0,212.0,266.0,17.0,138.0,155.0,67.0,22.0,5.0,82.0,698.0,9597
173,Jabari Parker,2013,2014,35.0,1074.0,236.0,499.0,198.0,393.0,38.0,106.0,160.0,214.0,105.0,201.0,306.0,41.0,37.0,43.0,81.0,670.0,12205
174,Jacob Pullen,2009,2011,34.0,1090.0,196.0,464.0,104.0,228.0,92.0,236.0,186.5,233.5,18.0,75.0,93.0,120.0,58.0,3.0,94.0,670.5,12380
175,Jacob Wiley,2016,2017,34.0,1165.0,265.0,412.0,260.0,405.0,5.0,7.0,159.0,192.0,95.0,214.0,309.0,80.0,26.0,94.0,128.0,694.0,13436
176,Jae Crowder,2011,2012,35.0,1153.0,217.0,436.0,156.0,259.0,61.0,177.0,119.0,162.0,70.0,224.0,294.0,73.0,88.0,35.0,44.0,614.0,9949
177,Jahlil Okafor,2014,2015,38.0,1143.0,279.0,420.0,279.0,420.0,0.0,0.0,99.0,194.0,134.0,188.0,322.0,49.0,29.0,54.0,95.0,657.0,12134
178,Jakob Poeltl,2015,2016,36.0,1093.0,228.0,353.0,228.0,353.0,0.0,0.0,164.0,238.0,102.0,225.0,327.0,70.0,21.0,56.0,74.0,620.0,12322
179,Jamaal Franklin,2011,2013,32.0,1013.5,169.0,400.5,123.5,248.5,45.5,152.0,165.5,209.5,56.5,221.5,278.0,76.0,41.0,23.0,102.5,549.0,10407
180,Jamal Murray,2015,2016,36.0,1267.0,244.0,538.0,131.0,261.0,113.0,277.0,119.0,152.0,53.0,133.0,186.0,79.0,35.0,11.0,84.0,720.0,11984
181,Jameer Nelson,2002,2004,31.0,1066.5,214.0,468.5,145.5,280.5,68.5,188.0,128.5,164.5,36.0,116.0,152.0,156.0,77.5,3.5,89.0,625.0,12034
182,Jamel Artis,2016,2017,32.0,1097.0,196.0,413.0,122.0,224.0,74.0,189.0,116.0,158.0,40.0,116.0,156.0,106.0,13.0,9.0,83.0,582.0,9237
183,James Anderson,2008,2010,34.0,1147.5,217.5,464.0,138.5,252.5,79.0,211.5,172.5,211.0,70.0,125.0,195.0,64.0,43.0,22.0,73.5,686.5,9187
184,James Ennis,2012,2013,33.0,1093.0,182.0,371.0,127.0,217.0,55.0,154.0,126.0,151.0,65.0,156.0,221.0,70.0,58.0,43.0,99.0,545.0,10270
185,James Harden,2007,2009,34.5,1206.0,208.5,412.0,157.5,276.5,51.0,135.5,186.5,247.0,46.0,141.0,187.0,129.0,66.0,15.0,103.5,654.5,10728
186,James Young,2013,2014,40.0,1296.0,183.0,450.0,101.0,215.0,82.0,235.0,125.0,177.0,41.0,130.0,171.0,67.0,30.0,8.0,75.0,573.0,13621
187,JamesOn Curry,2006,2007,35.0,1295.0,202.0,447.0,114.0,233.0,88.0,214.0,115.0,145.0,15.0,96.0,111.0,131.0,41.0,11.0,109.0,607.0,9966
188,Jared Cunningham,2011,2012,36.0,1245.0,198.0,440.0,148.0,292.0,50.0,148.0,199.0,270.0,36.0,102.0,138.0,101.0,91.0,15.0,102.0,645.0,9957
189,Jared Dudley,2005,2007,33.0,1246.0,196.5,374.0,160.5,283.0,36.0,91.0,156.5,216.0,93.5,150.0,243.5,102.5,41.5,11.0,74.0,585.5,10167
190,Jared Jeffries,2001,2002,36.0,1175.0,189.0,414.0,162.0,343.0,27.0,71.0,134.0,201.0,91.0,182.0,273.0,74.0,54.0,46.0,102.0,539.0,11074
191,Jared Sullinger,2010,2012,37.0,1147.5,225.0,424.5,215.5,398.5,9.5,26.0,181.5,247.5,123.5,235.0,358.5,44.5,40.0,29.5,65.0,641.0,12996
192,Jarell Martin,2014,2015,33.0,1159.0,202.0,397.0,188.0,345.0,14.0,52.0,140.0,203.0,98.0,207.0,305.0,59.0,38.0,23.0,92.0,558.0,11658
193,Jarnell Stokes,2013,2014,37.0,1199.0,199.0,375.0,199.0,375.0,0.0,0.0,160.0,230.0,155.0,237.0,392.0,75.0,26.0,34.0,77.0,558.0,12968
194,Jarrod Uthoff,2015,2016,33.0,1016.0,218.0,487.0,152.0,314.0,66.0,173.0,122.0,150.0,48.0,161.0,209.0,36.0,32.0,86.0,38.0,624.0,13210
195,Jarvis Hayes,2001,2002,29.0,980.0,212.0,470.0,163.0,320.0,49.0,150.0,65.0,85.0,35.0,117.0,152.0,45.0,34.0,14.0,60.0,538.0,10797
196,Jason Kapono,2000,2001,32.0,1122.0,167.0,379.0,83.0,195.0,84.0,184.0,133.0,153.0,54.0,129.0,183.0,72.0,38.0,4.0,81.0,551.0,11239
197,Jason Thompson,2006,2008,32.5,1117.0,248.0,458.0,239.5,430.0,8.5,28.0,154.5,236.0,103.0,259.0,362.0,79.0,29.5,79.0,96.0,659.0,13105
198,Jawun Evans,2016,2017,32.0,936.0,211.0,482.0,175.0,387.0,36.0,95.0,155.0,191.0,24.0,86.0,110.0,204.0,57.0,4.0,90.0,613.0,10284
199,Jay Williams,2000,2002,37.0,1207.5,267.0,574.0,147.0,278.5,120.0,295.5,139.5,209.0,29.0,97.0,126.0,212.0,77.0,4.0,142.5,793.5,13483
200,Jeff Teague,2008,2009,31.0,991.0,180.0,371.0,135.0,269.0,45.0,102.0,179.0,219.0,15.0,87.0,102.0,110.0,58.0,20.0,104.0,584.0,13052
201,Jeffery Taylor,2011,2012,36.0,1157.0,210.0,426.0,144.0,270.0,66.0,156.0,95.0,157.0,77.0,123.0,200.0,62.0,46.0,16.0,79.0,581.0,13041
202,Jerel McNeal,2008,2009,35.0,1226.0,236.0,534.0,150.0,318.0,86.0,216.0,135.0,183.0,28.0,131.0,159.0,137.0,71.0,21.0,103.0,693.0,11791
203,Jeremy Lamb,2011,2012,34.0,1266.0,217.0,454.0,146.0,243.0,71.0,211.0,98.0,121.0,32.0,134.0,166.0,58.0,42.0,21.0,68.0,603.0,11408
204,Jerian Grant,2014,2015,38.0,1408.0,204.0,427.0,154.0,269.0,50.0,158.0,170.0,218.0,13.0,102.0,115.0,253.0,63.0,19.0,82.0,628.0,10584
205,Jermaine Taylor,2007,2009,31.0,1013.0,261.0,553.5,175.5,323.5,85.5,230.0,121.5,151.0,56.0,98.0,154.0,55.0,37.0,16.5,82.5,729.0,13042
206,Jerome Dyson,2009,2010,34.0,1143.0,195.0,499.0,155.0,362.0,40.0,137.0,156.0,218.0,33.0,113.0,146.0,144.0,44.0,21.0,132.0,586.0,10196
207,Jerome Jordan,2009,2010,35.0,1043.0,184.0,335.0,184.0,335.0,0.0,0.0,172.0,250.0,84.0,233.0,317.0,44.0,16.0,82.0,79.0,540.0,11216
208,Jerrelle Benimon,2013,2014,36.0,1307.0,225.0,425.0,211.0,381.0,14.0,44.0,209.0,293.0,84.0,320.0,404.0,130.0,25.0,44.0,124.0,673.0,9387
209,Jerryd Bayless,2007,2008,30.0,1072.0,173.0,378.0,114.0,233.0,59.0,145.0,187.0,223.0,13.0,69.0,82.0,121.0,29.0,3.0,89.0,592.0,9346
210,Jimmer Fredette,2009,2011,35.5,1191.0,285.5,628.0,185.0,384.0,100.5,244.0,238.0,266.5,24.5,91.5,116.0,159.5,45.0,3.0,112.0,909.5,10414
211,Jimmy Butler,2010,2011,37.0,1282.0,187.0,382.0,167.0,324.0,20.0,58.0,188.0,240.0,90.0,135.0,225.0,86.0,53.0,13.0,54.0,582.0,9678
212,Joakim Noah,2005,2006,39.0,972.0,202.0,322.0,202.0,321.0,0.0,1.0,148.0,202.0,85.0,193.0,278.0,80.0,44.0,95.0,76.0,552.0,12066
213,Jodie Meeks,2008,2009,36.0,1237.0,263.0,568.0,146.0,280.0,117.0,288.0,211.0,234.0,19.0,103.0,122.0,63.0,48.0,5.0,96.0,854.0,11806
214,Joe Alexander,2007,2008,36.0,1137.0,219.0,474.0,208.0,433.0,11.0,41.0,158.0,194.0,68.0,163.0,231.0,88.0,26.0,54.0,80.0,607.0,9147
215,Joe Crawford,2007,2008,30.0,1009.0,188.0,401.0,125.0,228.0,63.0,173.0,99.0,130.0,31.0,78.0,109.0,64.0,17.0,5.0,83.0,538.0,9926
216,Joe Crispin,2000,2001,33.0,1121.0,195.0,523.0,87.0,220.0,108.0,303.0,144.0,165.0,15.0,103.0,118.0,110.0,47.0,5.0,96.0,642.0,9931
217,Joe Harris,2012,2013,35.0,1139.0,191.0,408.0,114.0,227.0,77.0,181.0,111.0,150.0,30.0,111.0,141.0,76.0,31.0,17.0,70.0,570.0,10759
218,Joe Young,2012,2015,34.0,1143.0,218.7,475.0,141.0,276.7,77.7,198.3,139.7,156.7,21.0,101.7,122.7,93.3,34.7,0.7,55.7,654.7,13622
219,Joel Bolomboy,2015,2016,33.0,1041.0,193.0,337.0,173.0,282.0,20.0,55.0,159.0,228.0,109.0,306.0,415.0,35.0,23.0,40.0,78.0,565.0,9471
220,Joey Graham,2004,2005,33.0,1009.0,201.0,380.0,175.0,325.0,26.0,55.0,157.0,177.0,53.0,151.0,204.0,67.0,30.0,5.0,88.0,585.0,10567
221,John Brown,2013,2016,30.3,937.0,226.0,401.0,225.7,397.0,0.3,4.0,137.3,187.0,99.0,111.0,210.0,53.7,44.7,44.3,50.0,589.7,9599
222,John Collins,2016,2017,33.0,878.0,234.0,376.0,234.0,375.0,0.0,1.0,164.0,220.0,124.0,200.0,324.0,17.0,21.0,52.0,60.0,632.0,9850
223,John Holland,2008,2011,33.0,1141.0,201.0,464.3,129.0,264.3,72.0,200.0,149.3,178.7,56.7,135.3,192.0,41.0,52.0,10.3,65.7,623.3,10900
224,John Jenkins,2010,2012,33.5,1141.0,203.5,434.5,86.5,159.5,117.0,275.0,136.0,157.0,16.5,81.5,98.0,40.5,26.5,11.0,53.5,660.0,11077
225,John Lucas,2004,2005,33.0,1192.0,204.0,452.0,104.0,220.0,100.0,232.0,76.0,84.0,19.0,63.0,82.0,135.0,36.0,1.0,53.0,584.0,11558
226,John Wall,2009,2010,37.0,1288.0,202.0,438.0,165.0,324.0,37.0,114.0,175.0,232.0,30.0,129.0,159.0,241.0,66.0,19.0,149.0,616.0,13294
227,Johnathan Motley,2016,2017,34.0,1036.0,226.0,434.0,217.0,401.0,9.0,33.0,128.0,183.0,126.0,209.0,335.0,79.0,12.0,37.0,100.0,589.0,11952
228,Jon Brockman,2007,2008,32.0,1009.0,237.0,442.0,237.0,442.0,0.0,0.0,94.0,181.0,141.0,229.0,370.0,35.0,21.0,8.0,76.0,568.0,9569
229,Jon Leuer,2010,2011,34.0,1139.0,227.0,483.0,173.0,337.0,54.0,146.0,113.0,134.0,57.0,189.0,246.0,56.0,17.0,30.0,54.0,621.0,11486
230,Jonathan Gibson,2009,2010,34.0,1109.0,197.0,441.0,91.0,180.0,106.0,261.0,95.0,112.0,17.0,81.0,98.0,95.0,47.0,2.0,73.0,595.0,10510
231,Jonny Flynn,2007,2009,36.5,1330.5,205.0,446.0,154.5,294.5,50.5,151.5,145.0,185.5,22.0,77.0,99.0,219.5,53.5,6.0,112.0,605.5,10362
232,Jordan Adams,2013,2014,36.0,1082.0,208.0,429.0,156.0,283.0,52.0,146.0,158.0,189.0,67.0,125.0,192.0,84.0,95.0,5.0,54.0,626.0,9120
233,Jordan Clarkson,2013,2014,35.0,1228.0,209.0,467.0,177.0,353.0,32.0,114.0,162.0,195.0,28.0,106.0,134.0,118.0,38.0,6.0,93.0,612.0,9816
234,Jordan Crawford,2009,2010,35.0,1147.0,260.0,563.0,181.0,361.0,79.0,202.0,119.0,154.0,34.0,132.0,166.0,101.0,47.0,7.0,85.0,718.0,9927
235,Jordan Hamilton,2010,2011,36.0,1159.0,243.0,552.0,153.0,318.0,90.0,234.0,95.0,122.0,72.0,204.0,276.0,76.0,31.0,23.0,77.0,671.0,10695
236,Jordan Hill,2008,2009,34.0,1213.0,252.0,469.0,252.0,469.0,0.0,0.0,117.0,179.0,143.0,232.0,375.0,50.0,30.0,58.0,97.0,621.0,10871
237,Jordan McRae,2013,2014,37.0,1190.0,223.0,512.0,144.0,287.0,79.0,225.0,167.0,212.0,26.0,102.0,128.0,91.0,25.0,38.0,77.0,692.0,11799
238,Jordan Williams,2010,2011,33.0,1073.0,213.0,396.0,213.0,396.0,0.0,0.0,131.0,228.0,121.0,267.0,388.0,21.0,23.0,45.0,53.0,557.0,13487
239,Joseph Forte,2000,2001,33.0,1145.0,251.0,558.0,196.0,412.0,55.0,146.0,133.0,156.0,41.0,160.0,201.0,116.0,67.0,12.0,84.0,690.0,10383
240,Josh Akognon,2007,2009,32.0,1076.5,230.0,545.0,104.0,214.5,126.0,330.5,119.5,133.5,18.0,86.0,104.0,49.5,38.0,2.5,69.5,705.5,9135
241,Josh Davis,2012,2013,35.0,1250.0,207.0,421.0,206.0,419.0,1.0,2.0,202.0,282.0,143.0,231.0,374.0,61.0,28.0,30.0,92.0,617.0,10023
242,Josh Hart,2015,2017,38.0,1224.0,233.0,455.5,168.5,287.0,64.5,168.5,115.0,153.5,62.5,187.5,250.0,91.5,51.0,10.0,68.5,645.5,10772
243,Josh Howard,2002,2003,31.0,1002.0,204.0,428.0,151.0,286.0,53.0,142.0,145.0,174.0,102.0,155.0,257.0,59.0,64.0,48.0,82.0,606.0,10944
244,Josh Jackson,2016,2017,35.0,1077.0,220.0,429.0,186.0,339.0,34.0,90.0,98.0,173.0,81.0,177.0,258.0,104.0,59.0,37.0,97.0,572.0,11021
245,Juan Dixon,2000,2002,36.0,1153.5,241.5,507.5,164.5,316.0,77.0,191.5,134.5,152.5,47.5,112.0,159.5,98.5,93.5,7.5,87.5,694.5,10120
246,Julius Hodge,2002,2005,32.0,1117.0,183.3,382.3,156.3,298.3,27.0,84.0,169.0,221.3,64.0,140.3,204.3,127.7,43.3,24.0,90.3,562.7,10887
247,Julius Randle,2013,2014,40.0,1233.0,196.0,391.0,193.0,373.0,3.0,18.0,204.0,289.0,139.0,277.0,416.0,57.0,20.0,31.0,101.0,599.0,12410
248,Justin Harper,2010,2011,37.0,1178.0,245.0,459.0,168.0,287.0,77.0,172.0,94.0,118.0,62.0,194.0,256.0,43.0,23.0,46.0,56.0,661.0,10741
249,Justin Jackson,2016,2017,40.0,1281.0,264.0,596.0,159.0,312.0,105.0,284.0,98.0,131.0,58.0,128.0,186.0,113.0,31.0,9.0,69.0,731.0,11022
250,Juwan Howard,2013,2015,32.5,1073.5,212.0,497.0,153.5,341.5,58.5,155.5,97.5,115.5,46.0,106.5,152.5,74.5,31.0,12.5,65.5,580.0,10945
251,K.J. McDaniels,2013,2014,36.0,1212.0,209.0,455.0,167.0,317.0,42.0,138.0,154.0,183.0,86.0,169.0,255.0,57.0,41.0,100.0,83.0,614.0,11735
252,Kalin Lucas,2008,2011,36.0,1174.5,183.5,445.5,136.5,325.0,47.0,120.5,154.5,190.0,21.0,55.5,76.5,145.0,37.0,4.0,85.5,568.5,11559
253,Kareem Rush,2000,2002,31.0,972.5,220.5,509.5,130.5,295.5,90.0,214.0,99.5,127.0,53.0,128.0,181.0,70.0,36.5,21.5,95.0,630.5,12613
254,Kawhi Leonard,2010,2011,36.0,1172.0,211.0,475.0,186.0,389.0,25.0,86.0,110.0,145.0,111.0,269.0,380.0,91.0,51.0,21.0,76.0,557.0,11479
255,Kay Felder,2014,2016,34.0,1279.0,226.0,523.0,164.5,346.5,61.5,176.5,212.0,253.0,25.5,128.0,153.5,288.0,67.5,7.5,128.5,725.5,10318
256,Keith Benson,2009,2011,35.0,1114.0,219.5,406.0,214.0,392.0,5.5,14.0,173.0,252.5,102.0,258.5,360.5,33.0,21.5,121.0,62.0,617.5,9398
257,Keith Bogans,2000,2003,35.0,1059.0,202.0,434.5,125.0,227.5,77.0,207.0,89.5,124.5,53.0,95.0,148.0,89.0,38.0,6.0,83.5,570.5,9463
258,Keith Langford,2002,2003,38.0,1246.0,240.0,453.0,218.0,377.0,22.0,76.0,101.0,159.0,83.0,102.0,185.0,75.0,34.0,31.0,73.0,603.0,11422
259,Keith McLeod,2001,2002,33.0,1109.0,224.0,496.0,135.0,280.0,89.0,216.0,218.0,270.0,25.0,112.0,137.0,90.0,65.0,2.0,102.0,755.0,11780
260,Kelly Olynyk,2012,2013,32.0,845.0,215.0,342.0,206.0,312.0,9.0,30.0,132.0,170.0,77.0,158.0,235.0,55.0,22.0,36.0,77.0,571.0,12150
261,Kemba Walker,2010,2011,41.0,1543.0,316.0,739.0,241.0,512.0,75.0,227.0,258.0,315.0,53.0,170.0,223.0,184.0,77.0,7.0,93.0,965.0,13289
262,Kenneth Faried,2009,2011,35.0,1138.0,228.5,385.5,228.0,383.5,0.5,2.0,140.0,239.0,174.0,308.0,482.0,28.0,61.5,74.5,88.0,597.5,10300
263,Kent Bazemore,2011,2012,35.0,1103.0,186.0,457.0,135.0,298.0,51.0,159.0,115.0,182.0,65.0,148.0,213.0,107.0,74.0,12.0,112.0,538.0,9351
264,Kentavious Caldwell-Pope,2012,2013,32.0,1086.0,186.0,430.0,102.0,205.0,84.0,225.0,135.0,169.0,37.0,189.0,226.0,58.0,65.0,17.0,64.0,591.0,9701
265,Kevin Durant,2006,2007,35.0,1255.0,306.0,647.0,224.0,444.0,82.0,203.0,209.0,256.0,106.0,284.0,390.0,46.0,66.0,67.0,99.0,903.0,10186
266,Kevin Jones,2011,2012,33.0,1265.0,260.0,511.0,226.0,383.0,34.0,128.0,103.0,132.0,141.0,219.0,360.0,41.0,23.0,34.0,42.0,657.0,11191
267,Kevin Love,2007,2008,39.0,1156.0,227.0,406.0,198.0,324.0,29.0,82.0,198.0,258.0,142.0,273.0,415.0,75.0,27.0,56.0,78.0,681.0,11550
268,Kevin Martin,2001,2004,26.3,838.3,188.3,408.0,130.3,240.3,58.0,167.7,178.0,211.7,25.0,93.0,118.0,44.3,44.7,10.0,77.3,612.7,11661
269,Kevin Murphy,2010,2012,33.0,1052.5,220.5,480.5,162.5,330.0,58.0,150.5,121.5,167.0,24.0,136.5,160.5,67.0,31.0,6.5,107.5,620.5,11979
270,Kirk Haston,2000,2001,33.0,1018.0,243.0,552.0,217.0,483.0,26.0,69.0,114.0,166.0,80.0,208.0,288.0,41.0,36.0,40.0,79.0,626.0,10782
271,Kirk Hinrich,2001,2003,37.0,1191.5,215.0,427.0,137.5,248.5,77.5,178.5,86.0,114.5,41.0,117.0,158.0,158.0,64.0,15.5,91.0,593.5,10880
272,Kirk Snyder,2003,2004,34.0,1079.0,209.0,485.0,155.0,330.0,54.0,155.0,166.0,227.0,65.0,130.0,195.0,117.0,35.0,22.0,119.0,638.0,12893
273,Klay Thompson,2009,2011,32.5,1137.5,220.0,518.0,133.0,290.5,87.0,227.5,144.0,175.5,31.0,137.5,168.5,98.5,50.0,27.0,109.5,671.0,13108
274,Kris Dunn,2015,2016,33.0,1088.0,184.0,411.0,142.0,298.0,42.0,113.0,132.0,190.0,36.0,140.0,176.0,206.0,82.0,20.0,116.0,542.0,10182
275,Kris Humphries,2003,2004,29.0,990.0,221.0,498.0,204.0,448.0,17.0,50.0,170.0,229.0,91.0,203.0,294.0,20.0,27.0,33.0,82.0,629.0,10967
276,Kyle Collinsworth,2015,2016,37.0,1249.0,206.0,444.0,197.0,407.0,9.0,37.0,146.0,224.0,86.0,217.0,303.0,275.0,74.0,20.0,126.0,567.0,9854
277,Kyle Korver,2002,2003,34.0,1082.0,183.0,391.0,54.0,122.0,129.0,269.0,109.0,120.0,46.0,171.0,217.0,104.0,50.0,23.0,68.0,604.0,11356
278,Kyle O'Quinn,2011,2012,36.0,1125.0,205.0,358.0,199.0,326.0,6.0,32.0,156.0,224.0,114.0,258.0,372.0,51.0,25.0,97.0,95.0,572.0,12118
279,Kyle Singler,2008,2011,38.0,1305.0,218.3,510.3,146.3,315.0,72.0,195.3,138.3,179.0,96.7,175.7,272.3,81.7,44.0,27.3,80.3,647.0,12802
280,Kyle Wiltjer,2014,2016,37.0,1129.0,251.0,488.5,172.0,312.5,79.0,176.0,106.0,128.0,56.0,175.5,231.5,62.0,15.5,27.0,58.5,687.0,13547
281,LaMarcus Aldridge,2005,2006,37.0,1247.0,219.0,385.0,219.0,385.0,0.0,0.0,117.0,181.0,135.0,204.0,339.0,20.0,50.0,73.0,59.0,555.0,9141
282,Lamar Patterson,2013,2014,36.0,1174.0,202.0,458.0,122.0,252.0,80.0,206.0,132.0,175.0,35.0,140.0,175.0,154.0,51.0,12.0,93.0,616.0,12225
283,Lamond Murray,2016,2017,31.0,1060.0,251.0,528.0,200.0,394.0,51.0,134.0,109.0,140.0,36.0,140.0,176.0,40.0,35.0,12.0,81.0,662.0,11986
284,Landry Fields,2009,2010,32.0,1161.0,248.0,506.0,219.0,420.0,29.0,86.0,179.0,257.0,81.0,199.0,280.0,89.0,51.0,25.0,83.0,704.0,10340
285,Langston Galloway,2013,2014,34.0,1231.0,190.0,428.0,82.0,184.0,108.0,244.0,114.0,138.0,28.0,117.0,145.0,53.0,36.0,17.0,28.0,602.0,10450
286,Lauri Markkanen,2016,2017,37.0,1140.0,185.0,376.0,116.0,213.0,69.0,163.0,137.0,164.0,88.0,178.0,266.0,32.0,15.0,19.0,40.0,576.0,11637
287,Lawrence Roberts,2004,2005,32.0,1023.0,171.0,382.0,159.0,341.0,12.0,41.0,188.0,288.0,110.0,241.0,351.0,61.0,50.0,26.0,87.0,542.0,12515
288,Lazar Hayward,2008,2010,34.5,1103.0,213.0,474.5,154.0,307.5,59.0,167.0,108.0,130.0,85.5,193.5,279.0,45.5,49.5,13.5,66.0,593.0,10801
289,Leon Powe,2005,2006,27.0,953.0,178.0,359.0,175.0,350.0,3.0,9.0,194.0,270.0,89.0,184.0,273.0,38.0,24.0,15.0,66.0,553.0,12347
290,Lester Hudson,2007,2009,32.5,1186.0,302.0,662.0,187.0,352.5,115.0,309.5,144.5,168.5,71.0,185.5,256.5,141.5,84.5,20.0,116.0,863.5,10952
291,Lionel Chalmers,2003,2004,37.0,1293.0,204.0,454.0,103.0,207.0,101.0,247.0,105.0,148.0,17.0,105.0,122.0,117.0,40.0,1.0,103.0,614.0,9771
292,Lonny Baxter,2000,2001,36.0,935.0,219.0,387.0,218.0,385.0,1.0,2.0,122.0,206.0,101.0,185.0,286.0,19.0,31.0,55.0,56.0,561.0,9345
293,Luis Flores,2001,2004,30.0,1114.0,215.0,477.3,160.7,336.7,54.3,140.7,197.7,224.7,44.3,90.7,135.0,68.7,53.7,7.0,89.0,682.0,10359
294,Luke Babbitt,2008,2010,34.0,1185.0,222.5,463.5,185.0,374.5,37.5,89.0,175.5,196.5,66.5,210.5,277.0,59.5,29.5,25.5,73.0,658.0,9260
295,Luke Harangody,2007,2010,32.3,1037.0,267.7,559.3,253.7,516.7,14.0,42.7,156.3,201.7,101.0,240.7,341.7,57.3,23.7,26.7,64.0,705.7,10724
296,Luke Jackson,2001,2004,33.0,1070.5,199.5,421.5,140.0,281.0,59.5,140.5,161.0,186.5,56.0,149.5,205.5,127.0,41.5,8.5,81.0,619.5,11023
297,Luke Jackson,2001,2004,33.0,1070.5,199.5,421.5,140.0,281.0,59.5,140.5,161.0,186.5,56.0,149.5,205.5,127.0,41.5,8.5,81.0,619.5,11024
298,Luke Kennard,2016,2017,37.0,1314.0,237.0,485.0,149.0,284.0,88.0,201.0,160.0,187.0,43.0,145.0,188.0,91.0,31.0,13.0,59.0,722.0,11269
299,Luke Ridnour,2001,2003,34.0,1189.0,186.0,415.5,99.0,204.0,87.0,211.5,136.5,156.0,14.5,93.0,107.5,197.0,60.5,3.0,118.0,595.5,12486
300,Luol Deng,2003,2004,37.0,1149.0,210.0,441.0,170.0,330.0,40.0,111.0,98.0,138.0,82.0,173.0,255.0,68.0,49.0,39.0,83.0,558.0,10076
301,Luther Head,2004,2005,39.0,1297.0,214.0,462.0,98.0,179.0,116.0,283.0,78.0,99.0,24.0,131.0,155.0,150.0,67.0,9.0,69.0,622.0,10806
302,Lynn Greer,2000,2002,34.0,1348.5,220.5,548.0,132.5,318.0,88.0,230.0,168.0,193.0,26.5,88.0,114.5,166.0,63.5,4.5,92.0,697.0,10629
303,Malcolm Brogdon,2015,2016,37.0,1263.0,230.0,503.0,155.0,311.0,75.0,192.0,140.0,156.0,19.0,131.0,150.0,115.0,35.0,9.0,52.0,675.0,9571
304,Malcolm Delaney,2008,2011,33.7,1246.0,177.7,447.3,105.3,244.0,72.3,203.3,212.0,248.3,30.3,95.3,125.7,145.3,49.0,6.7,99.7,639.7,10066
305,Malik Monk,2016,2017,38.0,1218.0,251.0,558.0,147.0,296.0,104.0,262.0,148.0,180.0,12.0,83.0,95.0,87.0,36.0,19.0,75.0,754.0,11904
306,Manny Harris,2008,2010,33.0,1136.0,181.0,433.0,131.0,275.5,50.0,157.5,164.0,197.0,59.5,152.5,212.0,140.0,49.5,14.5,99.0,576.0,10761
307,Marcus Banks,2002,2003,32.0,1154.0,223.0,434.0,182.0,312.0,41.0,122.0,162.0,214.0,18.0,89.0,107.0,175.0,91.0,4.0,126.0,649.0,9287
308,Marcus Georges-Hunt,2015,2016,36.0,1167.0,178.0,392.0,138.0,275.0,40.0,117.0,205.0,249.0,32.0,90.0,122.0,119.0,31.0,16.0,73.0,601.0,10500
309,Marcus Morris,2010,2011,38.0,1076.0,240.0,421.0,214.0,345.0,26.0,76.0,148.0,215.0,99.0,191.0,290.0,62.0,32.0,24.0,67.0,654.0,11934
310,Marcus Paige,2013,2014,34.0,1211.0,191.0,434.0,105.0,213.0,86.0,221.0,128.0,146.0,18.0,91.0,109.0,143.0,51.0,7.0,73.0,596.0,12188
311,Marcus Smart,2013,2014,31.0,1014.0,163.0,386.0,114.0,222.0,49.0,164.0,182.0,250.0,44.0,139.0,183.0,148.0,89.0,18.0,82.0,557.0,12825
312,Marcus Thornton,2007,2015,32.2,1119.6,211.8,471.8,120.6,244.0,91.2,227.8,119.2,150.0,32.2,90.6,122.8,77.0,36.0,9.8,75.4,634.0,13120
313,Markel Brown,2013,2014,34.0,1201.0,190.0,402.0,135.0,257.0,55.0,145.0,149.0,194.0,36.0,143.0,179.0,99.0,34.0,35.0,55.0,584.0,9607
314,Markelle Fultz,2016,2017,25.0,892.0,209.0,439.0,157.0,313.0,52.0,126.0,109.0,168.0,33.0,110.0,143.0,148.0,40.0,30.0,80.0,579.0,10434
315,Marquis Daniels,2002,2003,34.0,1187.0,244.0,476.0,214.0,378.0,30.0,98.0,107.0,159.0,63.0,147.0,210.0,113.0,78.0,8.0,102.0,625.0,9983
316,Mason Plumlee,2012,2013,36.0,1248.0,221.0,369.0,221.0,369.0,0.0,0.0,173.0,254.0,98.0,260.0,358.0,70.0,36.0,52.0,103.0,615.0,12318
317,Matt Carroll,2002,2003,34.0,1154.0,215.0,487.0,116.0,244.0,99.0,243.0,135.0,160.0,29.0,140.0,169.0,55.0,37.0,5.0,54.0,664.0,9739
318,Matt Freije,2003,2004,33.0,985.0,185.0,446.0,123.0,272.0,62.0,174.0,175.0,222.0,66.0,112.0,178.0,30.0,23.0,21.0,34.0,607.0,10420
319,Matt Williams,2016,2017,36.0,1315.0,178.0,455.0,52.0,127.0,126.0,328.0,60.0,74.0,16.0,138.0,154.0,69.0,25.0,1.0,65.0,542.0,13496
320,Matthew Dellavedova,2012,2013,35.0,1273.0,170.0,421.0,84.0,196.0,86.0,225.0,127.0,149.0,23.0,95.0,118.0,223.0,40.0,4.0,99.0,553.0,10070
321,Maurice Ager,2005,2006,34.0,1170.0,226.0,495.0,143.0,274.0,83.0,221.0,121.0,159.0,24.0,115.0,139.0,84.0,23.0,11.0,87.0,656.0,9128
322,Maurice Baker,2000,2001,30.0,1121.0,200.0,381.0,136.0,224.0,64.0,157.0,129.0,160.0,74.0,128.0,202.0,127.0,61.0,4.0,125.0,593.0,9276
323,Melvin Ely,2001,2002,28.0,999.0,246.0,437.0,246.0,436.0,0.0,1.0,161.0,219.0,90.0,164.0,254.0,50.0,19.0,88.0,73.0,653.0,10256
324,Michael Beasley,2007,2008,33.0,1041.0,307.0,577.0,271.0,482.0,36.0,95.0,216.0,279.0,131.0,277.0,408.0,38.0,42.0,54.0,95.0,866.0,9361
325,Michael Bradley,2000,2001,31.0,1053.0,254.0,367.0,242.0,333.0,12.0,34.0,125.0,212.0,107.0,196.0,303.0,81.0,28.0,56.0,88.0,645.0,9530
326,Michael Gbinije,2015,2016,37.0,1403.0,225.0,488.0,134.0,255.0,91.0,233.0,106.0,160.0,40.0,111.0,151.0,159.0,70.0,13.0,105.0,647.0,10491
327,Michael Young,2016,2017,33.0,1097.0,217.0,479.0,175.0,356.0,42.0,123.0,172.0,221.0,53.0,170.0,223.0,90.0,19.0,25.0,70.0,648.0,13624
328,Mike Brown,2015,2016,34.0,1167.0,188.0,466.0,144.0,328.0,44.0,138.0,159.0,198.0,75.0,125.0,200.0,110.0,52.0,12.0,108.0,579.0,9608
329,Mike Dunleavy,2001,2002,35.0,1133.0,218.0,451.0,130.0,218.0,88.0,233.0,81.0,119.0,45.0,206.0,251.0,72.0,80.0,26.0,61.0,605.0,10180
330,Mike Dunleavy,2001,2002,35.0,1133.0,218.0,451.0,130.0,218.0,88.0,233.0,81.0,119.0,45.0,206.0,251.0,72.0,80.0,26.0,61.0,605.0,10181
331,Mike Harris,2003,2005,32.0,1012.0,228.5,377.5,217.0,346.5,11.5,31.0,140.0,186.5,107.0,222.0,329.0,39.5,42.5,29.5,64.0,608.5,10762
332,Mike James,2011,2012,32.0,995.0,211.0,466.0,172.0,346.0,39.0,120.0,87.0,108.0,30.0,72.0,102.0,63.0,50.0,4.0,66.0,548.0,11054
333,Mike James,2011,2012,32.0,995.0,211.0,466.0,172.0,346.0,39.0,120.0,87.0,108.0,30.0,72.0,102.0,63.0,50.0,4.0,66.0,548.0,11055
334,Mike Muscala,2011,2013,34.5,1063.0,210.0,415.0,204.5,397.0,5.5,18.0,191.0,232.5,97.5,251.0,348.5,70.5,16.5,69.5,65.0,616.5,11992
335,Mike Scott,2011,2012,32.0,999.0,215.0,382.0,209.0,362.0,6.0,20.0,139.0,172.0,70.0,195.0,265.0,37.0,21.0,15.0,67.0,575.0,12703
336,Mike Smith,2010,2020,30.5,1086.0,216.0,478.0,165.5,339.0,50.5,139.0,119.5,151.0,35.5,134.5,170.0,92.0,33.0,7.5,80.5,602.0,12869
337,Mike Sweetney,2001,2003,31.5,991.5,224.5,404.5,224.5,402.5,0.0,2.0,215.0,283.5,120.0,201.0,321.0,57.5,37.5,78.5,80.5,664.0,13012
338,Mike Wilks,2000,2001,30.0,1114.0,190.0,434.0,134.0,289.0,56.0,145.0,168.0,215.0,45.0,102.0,147.0,90.0,59.0,8.0,76.0,604.0,13450
339,Mike Williams,2003,2004,31.0,888.0,228.0,427.0,227.0,422.0,1.0,5.0,130.0,169.0,79.0,139.0,218.0,37.0,60.0,35.0,53.0,587.0,13498
340,Monte Morris,2016,2017,35.0,1237.0,216.0,465.0,162.0,322.0,54.0,143.0,89.0,111.0,40.0,129.0,169.0,217.0,53.0,10.0,42.0,575.0,11937
341,Montrezl Harrell,2014,2015,35.0,1229.0,213.0,376.0,204.0,339.0,9.0,37.0,114.0,191.0,111.0,210.0,321.0,49.0,33.0,42.0,69.0,549.0,10745
342,Morris Almond,2005,2007,30.0,987.0,243.5,496.0,181.0,357.5,62.5,138.5,178.5,215.5,46.0,116.0,162.0,34.5,38.5,21.5,94.5,728.0,9165
343,Nate Robinson,2004,2005,35.0,1101.0,188.0,406.0,126.0,245.0,62.0,161.0,136.0,174.0,53.0,82.0,135.0,149.0,61.0,6.0,71.0,574.0,12536
344,Nate Wolters,2010,2013,32.7,1167.0,231.0,502.0,184.7,365.7,46.3,136.3,178.3,223.7,33.0,133.7,166.7,194.3,52.3,4.3,73.3,686.7,13571
345,Nick Calathes,2007,2009,36.0,1187.0,190.0,418.0,124.5,245.5,65.5,172.5,139.5,195.0,36.0,153.5,189.5,226.0,63.0,4.5,111.5,585.0,9696
346,Nick Collison,2001,2003,37.5,1111.0,263.0,460.5,255.0,437.5,8.0,23.0,105.5,173.0,124.5,219.0,343.5,74.0,41.5,78.5,92.5,639.5,9856
347,Nick Fazekas,2004,2007,32.3,1009.7,246.3,462.7,215.7,371.7,30.7,91.0,155.0,188.3,85.3,247.0,332.3,51.3,26.7,49.3,64.3,678.3,10310
348,Nick Johnson,2013,2014,38.0,1257.0,205.0,474.0,143.0,305.0,62.0,169.0,146.0,187.0,31.0,123.0,154.0,107.0,43.0,25.0,64.0,618.0,11138
349,Nick Young,2006,2007,37.0,1227.0,239.0,455.0,195.0,355.0,44.0,100.0,125.0,159.0,44.0,127.0,171.0,50.0,27.0,10.0,90.0,647.0,13625
350,Nik Stauskas,2013,2014,36.0,1281.0,185.0,394.0,93.0,186.0,92.0,208.0,168.0,204.0,15.0,90.0,105.0,118.0,20.0,11.0,67.0,630.0,12937
351,Nikola Vucevic,2010,2011,34.0,1187.0,215.0,426.0,186.0,343.0,29.0,83.0,123.0,163.0,97.0,253.0,350.0,54.0,18.0,47.0,58.0,582.0,13266
352,Nolan Smith,2009,2011,37.5,1304.0,249.5,555.0,191.0,397.0,58.5,158.0,154.5,194.5,39.5,96.5,136.0,151.5,46.0,6.0,94.0,712.0,12870
353,Norman Powell,2014,2015,36.0,1244.0,213.0,467.0,175.0,348.0,38.0,119.0,127.0,169.0,21.0,148.0,169.0,75.0,66.0,16.0,80.0,591.0,12352
354,Norris Cole,2009,2011,34.5,1206.0,218.0,500.0,173.5,370.0,44.5,130.0,179.0,215.0,20.5,130.0,150.5,168.5,70.5,3.0,94.0,659.5,9835
355,O.J. Mayo,2007,2008,33.0,1216.0,237.0,536.0,149.0,321.0,88.0,215.0,122.0,152.0,35.0,115.0,150.0,109.0,51.0,13.0,117.0,684.0,11693
356,Orlando Johnson,2009,2012,31.0,1023.7,201.7,430.7,141.0,283.0,60.7,147.7,144.3,196.0,52.3,127.3,179.7,84.7,31.3,18.7,81.3,608.3,11140
357,P.J. Tucker,2005,2006,37.0,1276.0,225.0,437.0,223.0,434.0,2.0,3.0,142.0,190.0,105.0,248.0,353.0,106.0,66.0,13.0,115.0,594.0,13176
358,Pascal Siakam,2015,2016,34.0,1176.0,275.0,510.0,272.0,495.0,3.0,15.0,137.0,202.0,132.0,263.0,395.0,58.0,34.0,75.0,67.0,690.0,12769
359,Patricio Garino,2015,2016,38.0,1217.0,203.0,398.0,145.0,263.0,58.0,135.0,73.0,106.0,52.0,109.0,161.0,56.0,52.0,31.0,72.0,537.0,10464
360,Patrick Christopher,2009,2010,35.0,1209.0,204.0,457.0,146.0,285.0,58.0,172.0,80.0,93.0,50.0,140.0,190.0,71.0,56.0,3.0,50.0,546.0,9806
361,Patrick Patterson,2008,2010,36.0,1201.0,227.5,386.0,215.5,351.0,12.0,35.0,109.5,149.0,104.0,195.5,299.5,51.5,24.0,60.5,53.5,576.5,12226
362,Paul Davis,2005,2006,33.0,1018.0,206.0,364.0,200.0,345.0,6.0,19.0,160.0,184.0,87.0,214.0,301.0,54.0,34.0,29.0,81.0,578.0,10032
363,Paul Graham,2008,2009,31.0,1071.0,196.0,503.0,130.0,306.0,66.0,197.0,117.0,141.0,26.0,94.0,120.0,62.0,20.0,3.0,64.0,575.0,10570
364,Paul Millsap,2004,2006,31.0,1093.5,241.5,421.5,239.0,414.0,2.5,7.5,135.0,221.0,176.5,222.5,399.0,32.5,47.5,65.5,78.5,620.5,11871
365,Pierre Jackson,2012,2013,36.0,1252.0,216.0,506.0,128.0,261.0,88.0,245.0,192.0,240.0,24.0,111.0,135.0,255.0,54.0,0.0,122.0,712.0,11032
366,Predrag Savovic,2000,2001,31.0,1006.0,189.0,418.0,128.0,247.0,61.0,171.0,106.0,143.0,45.0,102.0,147.0,107.0,39.0,2.0,96.0,545.0,12661
367,Quincy Douby,2005,2006,33.0,1211.0,287.0,621.0,171.0,332.0,116.0,289.0,149.0,176.0,27.0,114.0,141.0,103.0,58.0,27.0,92.0,839.0,10136
368,Quincy Pondexter,2009,2010,36.0,1162.0,245.0,464.0,227.0,413.0,18.0,51.0,187.0,226.0,107.0,158.0,265.0,63.0,46.0,21.0,68.0,695.0,12329
369,Quinn Cook,2014,2015,39.0,1396.0,199.0,439.0,97.0,181.0,102.0,258.0,98.0,110.0,15.0,116.0,131.0,103.0,39.0,1.0,47.0,598.0,9885
370,Quinton Ross,2002,2003,30.0,1056.0,191.0,422.0,149.0,281.0,42.0,141.0,184.0,232.0,77.0,114.0,191.0,63.0,46.0,24.0,64.0,608.0,12579
371,R.J. Hunter,2013,2015,34.0,1200.0,192.0,461.0,102.0,203.5,90.0,257.5,172.0,195.5,19.0,139.0,158.0,91.5,69.0,33.0,58.0,646.0,10975
372,Rafael Araujo,2003,2004,30.0,895.0,211.0,368.0,203.0,338.0,8.0,30.0,122.0,169.0,87.0,216.0,303.0,37.0,43.0,25.0,87.0,552.0,9214
373,Rakeem Christmas,2014,2015,31.0,1064.0,203.0,368.0,203.0,367.0,0.0,1.0,136.0,191.0,97.0,185.0,282.0,47.0,29.0,78.0,78.0,542.0,9804
374,Randolph Morris,2006,2007,34.0,937.0,202.0,341.0,202.0,341.0,0.0,0.0,142.0,208.0,67.0,197.0,264.0,37.0,26.0,70.0,74.0,546.0,11938
375,Randy Foye,2005,2006,33.0,1145.0,226.0,550.0,137.0,296.0,89.0,254.0,136.0,172.0,54.0,136.0,190.0,100.0,46.0,21.0,71.0,677.0,10401
376,Randy Holcomb,2001,2002,33.0,1067.0,220.0,426.0,208.0,386.0,12.0,40.0,106.0,167.0,88.0,208.0,296.0,57.0,24.0,32.0,116.0,558.0,10895
377,Rashad McCants,2002,2004,32.5,1003.5,215.5,444.5,140.5,262.0,75.0,182.5,90.5,125.5,60.0,89.5,149.5,58.0,51.0,19.5,78.5,596.5,11704
378,Rasual Butler,2000,2002,30.5,1183.0,232.0,555.5,155.0,340.5,77.0,215.0,114.5,134.5,63.0,146.5,209.5,50.5,37.5,31.5,88.5,655.5,9681
379,Rawle Marshall,2004,2005,32.0,1157.0,210.0,477.0,171.0,345.0,39.0,132.0,177.0,242.0,85.0,161.0,246.0,70.0,59.0,40.0,102.0,636.0,11646
380,Ray McCallum,2011,2013,34.5,1210.5,203.0,427.5,167.0,300.0,36.0,127.5,144.0,194.5,40.0,125.0,165.0,145.0,60.5,13.5,74.0,586.0,11700
381,Reece Gaines,2001,2003,32.0,1039.5,193.0,420.5,110.0,204.0,83.0,216.5,154.5,201.0,21.5,87.5,109.0,136.5,49.5,7.5,82.5,623.5,10444
382,Reggie Jackson,2010,2011,34.0,1161.0,219.0,435.0,148.0,266.0,71.0,169.0,109.0,137.0,35.0,111.0,146.0,152.0,36.0,18.0,81.0,618.0,11035
383,Reggie Johnson,2015,2016,32.0,1153.0,192.0,519.0,138.0,334.0,54.0,185.0,140.0,194.0,39.0,77.0,116.0,129.0,53.0,3.0,90.0,578.0,11142
384,Reggie Williams,2006,2008,29.0,974.0,303.5,572.5,244.0,376.5,59.5,196.0,145.0,218.5,101.5,151.0,252.5,121.5,55.0,13.5,87.0,811.5,13505
385,Reggie Williams,2006,2008,29.0,974.0,303.5,572.5,244.0,376.5,59.5,196.0,145.0,218.5,101.5,151.0,252.5,121.5,55.0,13.5,87.0,811.5,13506
386,Robbie Hummel,2011,2012,35.0,1128.0,194.0,465.0,122.0,277.0,72.0,188.0,113.0,137.0,55.0,196.0,251.0,66.0,23.0,42.0,32.0,573.0,10963
387,Robert Covington,2011,2012,33.0,1028.0,212.0,403.0,147.0,258.0,65.0,145.0,100.0,129.0,95.0,165.0,260.0,43.0,51.0,45.0,77.0,589.0,9916
388,Robert Hite,2005,2006,34.0,1127.0,201.0,446.0,116.0,239.0,85.0,207.0,71.0,87.0,46.0,152.0,198.0,48.0,50.0,10.0,55.0,558.0,10884
389,Rodney Carney,2004,2006,37.5,1079.0,215.5,512.0,126.5,264.5,89.0,247.5,101.5,136.5,60.0,114.0,174.0,45.5,44.0,26.5,54.5,621.5,9727
390,Rodney Hood,2013,2014,35.0,1150.0,191.0,412.0,120.0,243.0,71.0,169.0,109.0,135.0,29.0,109.0,138.0,75.0,25.0,9.0,54.0,562.0,10917
391,Rodney McGruder,2012,2013,35.0,1171.0,204.0,462.0,153.0,310.0,51.0,152.0,88.0,117.0,74.0,114.0,188.0,71.0,44.0,9.0,58.0,547.0,11756
392,Rodney Stuckey,2005,2007,29.5,977.5,238.5,505.5,189.5,351.0,49.0,154.5,193.0,239.5,33.5,106.0,139.5,141.5,68.5,8.5,102.5,719.0,12992
393,Ronald Dupree,2001,2002,34.0,1203.0,220.0,487.0,189.0,379.0,31.0,108.0,81.0,145.0,94.0,196.0,290.0,73.0,35.0,22.0,107.0,552.0,10185
394,Ronnie Brewer,2005,2006,32.0,1112.0,197.0,447.0,146.0,296.0,51.0,151.0,144.0,192.0,39.0,115.0,154.0,104.0,83.0,15.0,70.0,589.0,9555
395,Russ Smith,2012,2014,38.5,1147.5,228.5,520.5,162.5,335.5,66.0,185.0,187.5,246.5,35.0,92.0,127.0,144.0,78.5,3.0,106.5,710.5,12877
396,Ryan Anderson,2006,2008,33.0,1089.0,209.5,433.0,148.5,279.0,61.0,154.0,138.0,164.0,89.5,209.0,298.5,31.5,17.0,18.0,60.5,618.0,9197
397,Ryan Gomes,2002,2005,30.7,1107.0,217.3,424.7,190.3,349.0,27.0,75.7,140.3,169.7,100.3,179.7,280.0,77.7,49.3,11.3,76.7,602.0,10544
398,Ryan Humphrey,2001,2002,31.0,1103.0,231.0,472.0,228.0,466.0,3.0,6.0,122.0,204.0,115.0,222.0,337.0,80.0,33.0,87.0,77.0,587.0,10965
399,Salim Stoudamire,2004,2005,36.0,1126.0,210.0,417.0,90.0,179.0,120.0,238.0,122.0,134.0,9.0,74.0,83.0,78.0,30.0,4.0,85.0,662.0,12977
400,Sam Dekker,2014,2015,40.0,1239.0,213.0,406.0,163.0,255.0,50.0,151.0,80.0,113.0,77.0,143.0,220.0,49.0,21.0,18.0,36.0,556.0,10064
401,Sam Young,2007,2009,36.5,1166.5,257.5,512.5,208.5,382.5,49.0,130.0,115.0,161.0,76.0,152.5,228.5,42.5,38.0,36.0,87.5,679.0,13627
402,Scotty Hopson,2010,2011,32.0,937.0,188.0,416.0,135.0,275.0,53.0,141.0,114.0,155.0,28.0,79.0,107.0,41.0,26.0,5.0,89.0,543.0,10924
403,Sean Kilpatrick,2012,2014,34.0,1159.0,204.0,497.0,116.5,230.0,87.5,267.0,143.5,179.0,40.5,120.5,161.0,74.5,45.0,4.5,68.5,639.0,11294
404,Sean Lampley,2000,2001,31.0,1073.0,209.0,416.0,202.0,383.0,7.0,33.0,180.0,244.0,46.0,178.0,224.0,102.0,29.0,14.0,112.0,605.0,11413
405,Sean May,2004,2005,37.0,992.0,228.0,402.0,228.0,399.0,0.0,3.0,191.0,252.0,142.0,255.0,397.0,62.0,43.0,38.0,94.0,647.0,11686
406,Sean Singletary,2006,2008,32.5,1093.0,186.5,450.5,118.0,270.0,68.5,180.5,189.5,220.0,31.0,106.0,137.0,176.5,49.0,1.0,114.0,631.0,12803
407,Semaj Christon,2013,2014,34.0,1200.0,201.0,420.0,182.0,371.0,19.0,49.0,157.0,235.0,15.0,76.0,91.0,142.0,45.0,8.0,89.0,578.0,9805
408,Semi Ojeleye,2016,2017,35.0,1195.0,210.0,431.0,137.0,259.0,73.0,172.0,172.0,219.0,80.0,160.0,240.0,53.0,15.0,14.0,50.0,665.0,12132
409,Seth Curry,2008,2013,35.0,1203.5,220.0,503.5,121.5,248.0,98.5,255.5,121.0,147.5,22.0,99.0,121.0,66.5,39.0,7.5,60.5,659.5,9968
410,Shabazz Muhammad,2012,2013,32.0,987.0,202.0,456.0,162.0,350.0,40.0,106.0,128.0,180.0,87.0,80.0,167.0,27.0,23.0,4.0,51.0,572.0,11961
411,Shabazz Napier,2013,2014,40.0,1404.0,213.0,496.0,126.0,281.0,87.0,215.0,207.0,238.0,38.0,196.0,234.0,195.0,73.0,13.0,114.0,720.0,12012
412,Shane Battier,2000,2001,39.0,1363.0,251.0,533.0,127.0,237.0,124.0,296.0,152.0,191.0,94.0,191.0,285.0,72.0,82.0,88.0,60.0,778.0,9337
413,Shannon Brown,2005,2006,34.0,1196.0,202.0,433.0,138.0,269.0,64.0,164.0,117.0,141.0,38.0,112.0,150.0,93.0,50.0,5.0,85.0,585.0,9616
414,Shawn Long,2013,2016,34.0,997.3,225.3,426.3,199.0,352.3,26.3,74.0,133.3,198.3,120.3,249.7,370.0,38.7,23.0,69.3,80.7,610.3,11537
415,Shelden Williams,2005,2006,36.0,1198.0,237.0,410.0,235.0,404.0,2.0,6.0,201.0,270.0,117.0,267.0,384.0,39.0,60.0,137.0,89.0,677.0,13516
416,Shelvin Mack,2010,2011,38.0,1219.0,201.0,493.0,114.0,247.0,87.0,246.0,120.0,156.0,27.0,143.0,170.0,131.0,30.0,3.0,93.0,609.0,11585
417,Sherron Collins,2008,2010,35.5,1208.0,205.5,477.5,132.0,280.5,73.5,197.0,125.0,152.0,13.5,74.5,88.0,167.5,39.0,1.0,100.0,609.5,9852
418,Sindarius Thornwell,2016,2017,31.0,1051.0,195.0,439.0,137.0,291.0,58.0,148.0,215.0,259.0,77.0,144.0,221.0,86.0,66.0,30.0,76.0,663.0,13121
419,Stephen Curry,2006,2009,34.7,1129.0,290.3,622.0,152.3,287.3,138.0,334.7,159.7,182.3,27.0,130.7,157.7,129.3,73.7,9.3,104.7,878.3,9969
420,Steve Burtt,2004,2006,31.0,1117.0,222.0,508.0,134.0,289.5,88.0,218.5,156.5,188.0,16.5,97.0,113.5,75.5,30.0,2.0,88.0,688.5,9670
421,Steve Novak,2005,2006,31.0,1047.0,173.0,363.0,52.0,104.0,121.0,259.0,74.0,76.0,34.0,149.0,183.0,39.0,18.0,4.0,32.0,541.0,12087
422,Steven Smith,2004,2006,28.5,1081.0,207.0,454.5,177.0,358.0,30.0,96.5,125.5,158.5,72.0,161.0,233.0,64.5,39.5,23.0,111.0,569.5,12881
423,T.J. Warren,2013,2014,35.0,1238.0,342.0,652.0,311.0,536.0,31.0,116.0,156.0,226.0,113.0,137.0,250.0,40.0,63.0,21.0,83.0,871.0,13324
424,Tamar Slay,2001,2002,30.0,1031.0,196.0,439.0,116.0,248.0,80.0,191.0,95.0,130.0,38.0,123.0,161.0,72.0,49.0,16.0,89.0,567.0,12819
425,Tarence Kinsey,2005,2006,38.0,1321.0,209.0,461.0,138.0,272.0,71.0,189.0,113.0,134.0,54.0,120.0,174.0,88.0,61.0,13.0,78.0,602.0,11316
426,Tayshaun Prince,2000,2002,33.0,1092.0,206.5,429.5,142.0,244.5,64.5,185.0,90.0,116.5,61.5,150.0,211.5,75.5,29.0,40.0,61.0,567.5,12371
427,Terrence Jones,2010,2011,38.0,1196.0,206.0,466.0,180.0,387.0,26.0,79.0,157.0,243.0,92.0,244.0,336.0,60.0,43.0,72.0,75.0,595.0,11206
428,Terrence Ross,2011,2012,35.0,1088.0,215.0,470.0,143.0,276.0,72.0,194.0,72.0,94.0,48.0,177.0,225.0,49.0,44.0,33.0,70.0,574.0,12580
429,Terry Rozier,2014,2015,36.0,1260.0,214.0,521.0,166.0,364.0,48.0,157.0,139.0,176.0,43.0,157.0,200.0,108.0,72.0,6.0,79.0,615.0,12597
430,Theron Smith,2001,2002,35.0,1156.0,233.0,454.0,188.0,335.0,45.0,119.0,176.0,237.0,120.0,261.0,381.0,48.0,39.0,22.0,93.0,687.0,12883
431,Thomas Gardner,2005,2006,28.0,957.0,186.0,434.0,92.0,197.0,94.0,237.0,85.0,118.0,31.0,59.0,90.0,45.0,27.0,0.0,92.0,551.0,10461
432,Thomas Robinson,2011,2012,39.0,1242.0,261.0,517.0,254.0,503.0,7.0,14.0,163.0,239.0,113.0,350.0,463.0,72.0,42.0,34.0,104.0,692.0,12541
433,Tierre Brown,2000,2001,31.0,1064.0,213.0,518.0,162.0,366.0,51.0,152.0,146.0,184.0,64.0,113.0,177.0,111.0,57.0,5.0,98.0,623.0,9619
434,Tim Frazier,2011,2012,32.0,1188.0,208.0,497.0,181.0,411.0,27.0,86.0,159.0,201.0,44.0,106.0,150.0,198.0,76.0,7.0,117.0,602.0,10410
435,Tim Hardaway,2012,2013,38.0,1324.0,201.0,460.0,128.0,265.0,73.0,195.0,77.0,111.0,9.0,168.0,177.0,93.0,26.0,17.0,71.0,552.0,10726
436,Tim Hardaway,2012,2013,38.0,1324.0,201.0,460.0,128.0,265.0,73.0,195.0,77.0,111.0,9.0,168.0,177.0,93.0,26.0,17.0,71.0,552.0,10727
437,Tim Kempton,2016,2017,32.0,1012.0,231.0,422.0,208.0,366.0,23.0,56.0,168.0,221.0,62.0,271.0,333.0,36.0,29.0,41.0,99.0,653.0,11267
438,Toney Douglas,2008,2009,35.0,1279.0,239.0,536.0,154.0,315.0,85.0,221.0,188.0,232.0,28.0,109.0,137.0,102.0,63.0,15.0,87.0,751.0,10141
439,Tony Allen,2003,2004,35.0,1107.0,204.0,405.0,182.0,331.0,22.0,74.0,131.0,194.0,63.0,130.0,193.0,109.0,72.0,30.0,98.0,561.0,9160
440,Tony Mitchell,2010,2011,37.0,1167.0,228.0,437.0,197.0,339.0,31.0,98.0,77.0,117.0,97.0,164.0,261.0,49.0,59.0,41.0,64.0,564.0,11887
441,Tony Mitchell,2010,2011,37.0,1167.0,228.0,437.0,197.0,339.0,31.0,98.0,77.0,117.0,97.0,164.0,261.0,49.0,59.0,41.0,64.0,564.0,11888
442,Tony Wroten,2011,2012,35.0,1062.0,198.0,447.0,189.0,391.0,9.0,56.0,154.0,264.0,80.0,96.0,176.0,130.0,66.0,13.0,132.0,559.0,13610
443,Torrey Craig,2011,2014,33.7,1048.3,197.3,466.7,121.0,238.3,76.3,228.3,94.7,141.3,69.7,173.0,242.7,64.0,36.3,30.0,88.0,565.7,9922
444,Travis Diener,2003,2004,31.0,1060.0,179.0,424.0,89.0,224.0,90.0,200.0,136.0,154.0,21.0,76.0,97.0,187.0,41.0,0.0,74.0,584.0,10100
445,Travis Hansen,2002,2003,32.0,1025.0,169.0,383.0,133.0,277.0,36.0,106.0,163.0,204.0,53.0,99.0,152.0,77.0,29.0,20.0,84.0,537.0,10721
446,Trenton Hassell,2000,2001,32.0,1213.0,246.0,507.0,193.0,371.0,53.0,136.0,148.0,186.0,82.0,167.0,249.0,144.0,39.0,15.0,121.0,693.0,10778
447,Treveon Graham,2012,2014,35.5,992.0,185.5,418.0,130.5,261.0,55.0,157.0,122.5,172.0,84.0,143.0,227.0,63.0,32.0,5.5,59.5,548.5,10572
448,Trey Burke,2012,2013,39.0,1378.0,259.0,560.0,183.0,362.0,76.0,198.0,133.0,166.0,21.0,103.0,124.0,260.0,62.0,20.0,86.0,727.0,9654
449,Trey Gilder,2007,2008,33.0,887.0,189.0,394.0,172.0,324.0,17.0,70.0,147.0,192.0,76.0,128.0,204.0,63.0,39.0,22.0,89.0,542.0,10515
450,Trey Johnson,2005,2007,33.5,1218.5,283.0,656.0,210.0,461.5,73.0,194.5,210.0,281.5,49.0,107.5,156.5,81.5,39.0,2.5,106.5,849.0,11149
451,Trey Thompkins,2009,2010,31.0,962.0,207.0,429.0,184.0,368.0,23.0,61.0,112.0,147.0,65.0,193.0,258.0,60.0,30.0,36.0,91.0,549.0,13095
452,Tristan Thompson,2010,2011,33.0,1056.0,158.0,344.0,92.0,186.0,66.0,158.0,211.0,253.0,16.0,89.0,105.0,59.0,24.0,4.0,74.0,593.0,13114
453,Troy Bell,2000,2003,31.7,1164.0,205.7,473.7,125.3,254.0,80.3,219.7,216.3,251.0,57.0,79.7,136.7,123.7,75.0,9.0,83.0,708.0,9379
454,Troy Murphy,2000,2001,30.0,1090.0,223.0,473.0,193.0,387.0,30.0,86.0,177.0,231.0,94.0,183.0,277.0,62.0,27.0,50.0,90.0,653.0,11982
455,Ty Lawson,2008,2009,35.0,1048.0,182.0,342.0,131.0,234.0,51.0,108.0,166.0,208.0,23.0,81.0,104.0,230.0,75.0,5.0,66.0,581.0,11446
456,Tyler Cavanaugh,2015,2017,36.5,1141.5,204.5,430.0,144.5,284.5,60.0,145.5,170.0,203.0,81.5,210.0,291.5,58.5,20.0,12.0,86.0,639.0,9766
457,Tyler Dorsey,2016,2017,39.0,1169.0,189.0,405.0,101.0,197.0,88.0,208.0,105.0,139.0,33.0,102.0,135.0,67.0,30.0,4.0,59.0,571.0,10134
458,Tyler Hansbrough,2005,2009,35.5,1098.5,234.8,438.0,231.8,428.5,3.0,9.5,245.5,310.2,120.5,184.2,304.8,38.5,45.0,16.5,74.2,718.0,10717
459,Tyler Johnson,2013,2014,35.0,1177.0,196.0,409.0,139.0,277.0,57.0,132.0,107.0,133.0,56.0,200.0,256.0,103.0,36.0,13.0,47.0,556.0,11150
460,Tyler Ulis,2015,2016,35.0,1288.0,192.0,442.0,137.0,282.0,55.0,160.0,167.0,195.0,19.0,86.0,105.0,246.0,51.0,4.0,69.0,606.0,13206
461,Tyler Zeller,2010,2012,37.5,1055.5,215.5,391.0,215.5,391.0,0.0,0.0,171.0,218.0,126.5,190.0,316.5,29.5,30.5,51.5,61.5,602.0,13638
462,Tyreke Evans,2008,2009,37.0,1072.0,230.0,505.0,196.0,381.0,34.0,124.0,138.0,194.0,47.0,151.0,198.0,143.0,77.0,29.0,133.0,632.0,10289
463,Tyshawn Taylor,2011,2012,39.0,1303.0,226.0,474.0,168.0,322.0,58.0,152.0,137.0,199.0,8.0,83.0,91.0,186.0,52.0,6.0,138.0,647.0,13049
464,Vincent Yarbrough,2001,2002,31.0,1097.0,194.0,457.0,134.0,290.0,60.0,167.0,112.0,163.0,70.0,164.0,234.0,87.0,58.0,25.0,93.0,560.0,13614
465,Wayne Ellington,2007,2009,38.5,1184.5,226.0,476.0,144.5,276.5,81.5,199.5,91.0,113.5,49.0,131.0,180.0,89.5,40.0,6.5,64.0,624.5,10240
466,Wayne Simien,2003,2004,32.0,1045.0,200.0,376.0,198.0,365.0,2.0,11.0,167.0,206.0,98.0,199.0,297.0,39.0,28.0,30.0,71.0,569.0,12782
467,Wesley Matthews,2008,2009,35.0,1191.0,193.0,406.0,151.0,292.0,42.0,114.0,213.0,257.0,46.0,155.0,201.0,86.0,43.0,18.0,82.0,641.0,11678
468,Wesley Person,2016,2018,35.0,1141.5,169.0,397.0,73.5,151.5,95.5,245.5,131.5,160.5,20.5,75.5,96.0,58.5,22.5,1.5,55.0,565.0,12276
469,Will Barton,2011,2012,35.0,1236.0,230.0,452.0,193.0,345.0,37.0,107.0,134.0,179.0,70.0,209.0,279.0,102.0,50.0,25.0,75.0,631.0,9326
470,Will Solomon,2000,2001,30.0,998.0,183.0,461.0,88.0,209.0,95.0,252.0,130.0,165.0,17.0,69.0,86.0,102.0,42.0,9.0,123.0,591.0,12899
471,Willie Green,2002,2003,30.0,1021.0,244.0,498.0,207.0,399.0,37.0,99.0,153.0,190.0,32.0,116.0,148.0,75.0,40.0,13.0,68.0,678.0,10623
472,Xavier Munford,2013,2014,32.0,1139.0,184.0,458.0,122.0,268.0,62.0,190.0,111.0,157.0,20.0,108.0,128.0,78.0,36.0,13.0,88.0,541.0,11968
473,Xavier Silas,2010,2011,26.0,831.0,178.0,388.0,126.0,262.0,52.0,126.0,171.0,201.0,21.0,98.0,119.0,48.0,31.0,7.0,103.0,579.0,12779
474,Yogi Ferrell,2013,2016,33.7,1161.3,182.0,416.3,99.0,214.7,83.0,201.7,124.3,148.7,21.3,91.3,112.7,162.0,28.7,1.0,79.0,571.3,10333
475,Zabian Dowdell,2006,2007,34.0,1148.0,197.0,426.0,153.0,312.0,44.0,114.0,154.0,191.0,27.0,95.0,122.0,106.0,71.0,7.0,67.0,592.0,10145
