,Player,Class,Col Season Start,Col Season End,Col Pos,College,Col Conf,Col Games Played,Col MP,Col FG,Col FGA,Col 2P,Col 2PA,Col 3P,Col 3PA,Col FT,Col FTA,Col ORB,Col DRB,Col TRB,Col AST,Col STL,Col BLK,Col TOV,Col PTS,player_id
0,Jimmer Fredette,SR,2010,2011,G,Brigham Young,MWC,37,1323.0,346,765,222,452,124,313,252,282,24.0,103.0,127,160,49,1,131.0,1068,10414
1,Jimmer Fredette,JR,2009,2010,G,Brigham Young,MWC,34,1059.0,225,491,148,316,77,175,224,251,25.0,80.0,105,159,41,5,93.0,751,10414
2,Stephen Curry,JR,2008,2009,G,Davidson,Southern,34,1145.0,312,687,182,351,130,336,220,251,21.0,130.0,151,189,86,8,126.0,974,9969
3,Stephen Curry,SO,2007,2008,G,Davidson,Southern,36,1193.0,317,656,155,287,162,369,135,151,28.0,137.0,165,104,73,14,93.0,931,9969
4,Stephen Curry,FR,2006,2007,G,Davidson,Southern,34,1049.0,242,523,120,224,122,299,124,145,32.0,125.0,157,95,62,6,95.0,730,9969
5,Kemba Walker,JR,2010,2011,G,Connecticut,Big East,41,1543.0,316,739,241,512,75,227,258,315,53.0,170.0,223,184,77,7,93.0,965,13289
6,J.J. Redick,SR,2005,2006,G,Duke,ACC,36,1336.0,302,643,163,313,139,330,221,256,7.0,64.0,71,95,52,2,90.0,964,12438
7,J.J. Redick,JR,2004,2005,G,Duke,ACC,33,1231.0,202,495,81,195,121,300,196,209,14.0,94.0,108,86,35,2,82.0,721,12438
8,J.J. Redick,SO,2003,2004,G,Duke,ACC,37,1152.0,172,407,70,149,102,258,143,150,26.0,89.0,115,58,27,3,70.0,589,12438
9,Trey Johnson,SR,2006,2007,G,Jackson State,SWAC,35,1323.0,311,752,232,515,79,237,246,331,46.0,112.0,158,90,32,3,127.0,947,11149
10,Trey Johnson,JR,2005,2006,G,Jackson State,SWAC,32,1114.0,255,560,188,408,67,152,174,232,52.0,103.0,155,73,46,2,86.0,751,11149
11,Doug McDermott,SR,2013,2014,F,Creighton,Big East,35,1181.0,330,627,234,413,96,214,178,206,57.0,187.0,244,55,8,5,62.0,934,11736
12,Doug McDermott,JR,2012,2013,F,Creighton,MVC,36,1138.0,284,518,207,361,77,157,189,216,58.0,218.0,276,57,8,2,93.0,834,11736
13,Doug McDermott,SO,2011,2012,F,Creighton,MVC,35,1117.0,307,511,253,400,54,111,133,167,84.0,204.0,288,37,7,3,79.0,801,11736
14,Doug McDermott,FR,2010,2011,F,Creighton,MVC,39,1133.0,220,419,173,303,47,116,94,126,82.0,198.0,280,45,11,4,87.0,581,11736
15,Reggie Williams,JR,2006,2007,F,Virginia Military Institute,Big South,33,1070.0,338,636,262,398,76,238,176,267,110.0,153.0,263,146,55,10,98.0,928,13505
16,Reggie Williams,JR,2006,2007,F,Virginia Military Institute,Big South,33,1070.0,338,636,262,398,76,238,176,267,110.0,153.0,263,146,55,10,98.0,928,13506
17,Reggie Williams,SR,2007,2008,F,Virginia Military Institute,Big South,25,878.0,269,509,226,355,43,154,114,170,93.0,149.0,242,97,55,17,76.0,695,13505
18,Reggie Williams,SR,2007,2008,F,Virginia Military Institute,Big South,25,878.0,269,509,226,355,43,154,114,170,93.0,149.0,242,97,55,17,76.0,695,13506
19,Adam Morrison,JR,2005,2006,F,Gonzaga,WCC,33,1205.0,306,617,232,444,74,173,240,311,47.0,135.0,182,56,35,11,76.0,926,11940
20,Adam Morrison,SO,2004,2005,F,Gonzaga,WCC,31,1059.0,226,454,189,335,37,119,100,132,43.0,128.0,171,88,19,14,52.0,589,11940
21,Buddy Hield,SR,2015,2016,G,Oklahoma,Big 12,37,1309.0,301,601,154,279,147,322,176,200,46.0,166.0,212,75,42,18,113.0,925,10855
22,Buddy Hield,JR,2014,2015,G,Oklahoma,Big 12,35,1135.0,205,498,112,239,93,259,107,130,56.0,134.0,190,67,47,8,68.0,610,10855
23,Buddy Hield,SO,2013,2014,G,Oklahoma,Big 12,33,1059.0,196,440,106,207,90,233,63,84,58.0,88.0,146,62,46,5,60.0,545,10855
24,Kevin Durant,FR,2006,2007,F,Texas,Big 12,35,1255.0,306,647,224,444,82,203,209,256,106.0,284.0,390,46,66,67,99.0,903,10186
25,Tyler Hansbrough,JR,2007,2008,F,North Carolina,ACC,39,1286.0,289,535,289,528,0,7,304,377,151.0,248.0,399,35,59,14,83.0,882,10717
26,Tyler Hansbrough,SR,2008,2009,F,North Carolina,ACC,34,1029.0,223,434,214,411,9,23,249,296,103.0,173.0,276,34,42,12,63.0,704,10717
27,Tyler Hansbrough,SO,2006,2007,F,North Carolina,ACC,38,1136.0,228,434,227,430,1,4,242,315,117.0,184.0,301,45,41,17,74.0,699,10717
28,Tyler Hansbrough,FR,2005,2006,F,North Carolina,ACC,31,943.0,199,349,197,345,2,4,187,253,111.0,132.0,243,40,38,23,77.0,587,10717
29,Lester Hudson,SR,2008,2009,G,Tennessee-Martin,OVC,32,1153.0,313,697,207,398,106,299,148,168,70.0,184.0,254,135,75,18,106.0,880,10952
30,Lester Hudson,JR,2007,2008,G,Tennessee-Martin,OVC,33,1219.0,291,627,167,307,124,320,141,169,72.0,187.0,259,148,94,22,126.0,847,10952
31,Andrew Goudelock,SR,2010,2011,G,College of Charleston,Southern,37,1302.0,318,699,187,377,131,322,110,134,25.0,118.0,143,157,33,7,119.0,877,10560
32,Andrew Goudelock,JR,2009,2010,G,College of Charleston,Southern,34,1210.0,250,554,153,307,97,247,61,74,25.0,123.0,148,131,38,13,68.0,658,10560
33,Andrew Goudelock,SO,2008,2009,G,College of Charleston,Southern,36,1120.0,221,481,126,265,95,216,65,75,18.0,72.0,90,67,26,11,69.0,602,10560
34,T.J. Warren,SO,2013,2014,F,North Carolina State,ACC,35,1238.0,342,652,311,536,31,116,156,226,113.0,137.0,250,40,63,21,83.0,871,13324
35,Michael Beasley,FR,2007,2008,F,Kansas State,Big 12,33,1041.0,307,577,271,482,36,95,216,279,131.0,277.0,408,38,42,54,95.0,866,9361
36,Jodie Meeks,JR,2008,2009,G,Kentucky,SEC,36,1237.0,263,568,146,280,117,288,211,234,19.0,103.0,122,63,48,5,96.0,854,11806
37,Kay Felder,JR,2015,2016,G,Oakland,Horizon,35,1286.0,269,612,193,398,76,214,239,282,26.0,123.0,149,324,69,7,120.0,853,10318
38,Kay Felder,SO,2014,2015,G,Oakland,Horizon,33,1272.0,183,434,136,295,47,139,185,224,25.0,133.0,158,252,66,8,137.0,598,10318
39,Morris Almond,SR,2006,2007,G,Rice,CUSA,32,1069.0,263,544,186,375,77,169,241,285,43.0,167.0,210,37,38,24,109.0,844,9165
40,Morris Almond,JR,2005,2006,G,Rice,CUSA,28,905.0,224,448,176,340,48,108,116,146,49.0,65.0,114,32,39,19,80.0,612,9165
41,Jay Williams,SO,2000,2001,G,Duke,ACC,39,1240.0,285,603,153,294,132,309,139,211,31.0,97.0,128,237,78,5,154.0,841,13483
42,Jay Williams,JR,2001,2002,G,Duke,ACC,35,1175.0,249,545,141,263,108,282,140,207,27.0,97.0,124,187,76,3,131.0,746,13483
43,Quincy Douby,JR,2005,2006,G,Rutgers,Big East,33,1211.0,287,621,171,332,116,289,149,176,27.0,114.0,141,103,58,27,92.0,839,10136
44,Jermaine Taylor,SR,2008,2009,G,Central Florida,CUSA,31,989.0,291,606,199,361,92,245,138,170,59.0,102.0,161,58,39,24,87.0,812,13042
45,Jermaine Taylor,JR,2007,2008,G,Central Florida,CUSA,31,1037.0,231,501,152,286,79,215,105,132,53.0,94.0,147,52,35,9,78.0,646,13042
46,Gary Neal,SR,2006,2007,G,Towson,CAA,32,1167.0,267,599,174,321,93,278,183,219,28.0,107.0,135,111,46,5,74.0,810,12025
47,Gary Neal,FR,2002,2003,G,La Salle,A-10,29,930.0,169,423,83,193,86,230,116,142,34.0,88.0,122,47,18,1,63.0,540,12025
48,Erick Green,SR,2012,2013,G,Virginia Tech,ACC,32,1166.0,261,550,200,393,61,157,218,267,15.0,112.0,127,121,42,6,69.0,801,10605
49,Blake Griffin,SO,2008,2009,F,Oklahoma,Big 12,35,1165.0,300,459,297,451,3,8,191,324,135.0,369.0,504,80,39,41,116.0,794,10637
50,Luke Harangody,JR,2008,2009,F,Notre Dame,Big East,34,1164.0,300,653,286,615,14,38,178,229,120.0,281.0,401,70,31,31,62.0,792,10724
51,Luke Harangody,SO,2007,2008,F,Notre Dame,Big East,33,958.0,259,518,256,509,3,9,151,198,116.0,235.0,351,55,26,29,76.0,672,10724
52,Luke Harangody,SR,2009,2010,F,Notre Dame,Big East,30,989.0,244,507,219,426,25,81,140,178,67.0,206.0,273,47,14,20,54.0,653,10724
53,Damian Lillard,JR,2011,2012,G,Weber State,Big Sky,32,1105.0,231,495,137,265,94,230,228,257,17.0,144.0,161,128,47,7,74.0,784,11508
54,Damian Lillard,SO,2009,2010,G,Weber State,Big Sky,31,1062.0,185,429,101,215,84,214,163,191,11.0,114.0,125,112,35,4,74.0,617,11508
55,Troy Bell,SR,2002,2003,G,Boston College,Big East,31,1198.0,224,508,118,244,106,264,227,268,48.0,94.0,142,115,70,6,79.0,781,9379
56,Troy Bell,JR,2001,2002,G,Boston College,Big East,32,1199.0,207,508,142,292,65,216,212,240,57.0,73.0,130,123,72,8,97.0,691,9379
57,Troy Bell,SO,2000,2001,G,Boston College,Big East,32,1095.0,186,405,116,226,70,179,210,245,66.0,72.0,138,133,83,13,73.0,652,9379
58,Steve Burtt,SR,2005,2006,G,Iona,MAAC,31,1103.0,258,579,162,343,96,236,168,204,18.0,85.0,103,79,22,2,98.0,780,9670
59,Steve Burtt,JR,2004,2005,G,Iona,MAAC,31,1131.0,186,437,106,236,80,201,145,172,15.0,109.0,124,72,38,2,78.0,597,9670
60,Norris Cole,SR,2010,2011,G,Cleveland State,Horizon,36,1285.0,251,572,200,423,51,149,227,266,27.0,183.0,210,191,80,3,97.0,780,9835
61,Norris Cole,JR,2009,2010,G,Cleveland State,Horizon,33,1127.0,185,428,147,317,38,111,131,164,14.0,77.0,91,146,61,3,91.0,539,9835
62,Alec Burks,SO,2010,2011,G,Colorado,Big 12,38,1193.0,251,535,223,439,28,96,249,302,91.0,156.0,247,112,41,12,99.0,779,9656
63,Carmelo Anthony,FR,2002,2003,F,Syracuse,Big East,35,1274.0,277,612,221,446,56,166,168,238,101.0,248.0,349,77,55,30,77.0,778,9208
64,Shane Battier,SR,2000,2001,F,Duke,ACC,39,1363.0,251,533,127,237,124,296,152,191,94.0,191.0,285,72,82,88,60.0,778,9337
65,Mike Sweetney,JR,2002,2003,F,Georgetown,Big East,34,1100.0,264,483,264,480,0,3,248,336,137.0,215.0,352,66,50,109,71.0,776,13012
66,Mike Sweetney,SO,2001,2002,F,Georgetown,Big East,29,883.0,185,326,185,325,0,1,182,231,103.0,187.0,290,49,25,48,90.0,552,13012
67,C.J. McCollum,JR,2011,2012,G,Lehigh,Patriot,35,1160.0,254,573,194,397,60,176,198,244,50.0,179.0,229,124,91,19,81.0,766,11719
68,C.J. McCollum,SO,2010,2011,G,Lehigh,Patriot,31,1073.0,214,537,162,372,52,165,197,233,59.0,183.0,242,66,77,21,88.0,677,11719
69,C.J. McCollum,FR,2009,2010,G,Lehigh,Patriot,33,1052.0,203,442,131,271,72,171,153,189,46.0,119.0,165,79,43,7,66.0,631,11719
70,Josh Akognon,SR,2008,2009,G,Cal State Fullerton,Big West,32,1140.0,248,618,112,252,136,366,132,148,18.0,83.0,101,51,32,1,84.0,764,9135
71,Josh Akognon,JR,2007,2008,G,Cal State Fullerton,Big West,32,1013.0,212,472,96,177,116,295,107,119,18.0,89.0,107,48,44,4,55.0,647,9135
72,Nolan Smith,SR,2010,2011,G,Duke,ACC,37,1259.0,260,568,203,405,57,163,187,230,44.0,122.0,166,189,45,3,118.0,764,12870
73,Nolan Smith,JR,2009,2010,G,Duke,ACC,38,1349.0,239,542,179,389,60,153,122,159,35.0,71.0,106,114,47,9,70.0,660,12870
74,Bryce Cotton,SR,2013,2014,G,Providence,Big East,35,1398.0,230,549,153,339,77,210,226,265,19.0,105.0,124,205,35,3,85.0,763,9906
75,Bryce Cotton,JR,2012,2013,G,Providence,Big East,32,1209.0,195,446,97,177,98,269,142,178,23.0,92.0,115,92,30,3,47.0,630,9906
76,Dajuan Wagner,FR,2001,2002,G,Memphis,CUSA,36,1146.0,265,647,199,439,66,208,166,230,18.0,71.0,89,128,43,20,105.0,762,13272
77,Eric Maynor,SR,2008,2009,G,Virginia Commonwealth,CAA,34,1206.0,248,536,182,353,66,183,198,243,16.0,106.0,122,210,58,6,101.0,760,11692
78,Eric Maynor,JR,2007,2008,G,Virginia Commonwealth,CAA,32,1115.0,196,427,146,300,50,127,131,172,24.0,110.0,134,175,40,7,96.0,573,11692
79,Keith McLeod,SR,2001,2002,G,Bowling Green State,MAC,33,1109.0,224,496,135,280,89,216,218,270,25.0,112.0,137,90,65,2,102.0,755,11780
80,Malik Monk,FR,2016,2017,G,Kentucky,SEC,38,1218.0,251,558,147,296,104,262,148,180,12.0,83.0,95,87,36,19,75.0,754,11904
81,Frank Mason,SR,2016,2017,G,Kansas,Big 12,36,1301.0,241,492,159,318,82,174,189,238,22.0,128.0,150,187,47,2,86.0,753,11671
82,Toney Douglas,SR,2008,2009,G,Florida State,ACC,35,1279.0,239,536,154,315,85,221,188,232,28.0,109.0,137,102,63,15,87.0,751,10141
83,Russ Smith,JR,2012,2013,G,Louisville,Big East,40,1211.0,232,560,170,371,62,189,222,276,41.0,91.0,132,116,83,2,108.0,748,12877
84,Russ Smith,SR,2013,2014,G,Louisville,AAC,37,1084.0,225,481,155,300,70,181,153,217,29.0,93.0,122,172,74,4,105.0,673,12877
85,Charles Jenkins,SR,2010,2011,G,Hofstra,CAA,33,1232.0,249,482,183,325,66,157,182,221,18.0,93.0,111,158,57,22,73.0,746,11075
86,Charles Jenkins,JR,2009,2010,G,Hofstra,CAA,34,1234.0,235,531,172,377,63,154,169,210,38.0,116.0,154,134,61,19,108.0,702,11075
87,Charles Jenkins,SO,2008,2009,G,Hofstra,CAA,32,1122.0,203,503,172,404,31,99,192,234,28.0,125.0,153,137,46,15,107.0,629,11075
88,Joe Young,SR,2014,2015,G,Oregon,Pac-12,36,1322.0,265,592,174,337,91,255,124,134,19.0,141.0,160,135,41,1,87.0,745,13622
89,Joe Young,JR,2013,2014,G,Oregon,Pac-12,34,1059.0,206,429,130,246,76,183,155,176,26.0,70.0,96,66,44,1,39.0,643,13622
90,Joe Young,SO,2012,2013,G,Houston,CUSA,32,1048.0,185,404,119,247,66,157,140,160,18.0,94.0,112,79,19,0,41.0,576,13622
91,Luis Flores,SR,2003,2004,G,Manhattan,MAAC,31,1121.0,234,529,166,347,68,182,208,241,36.0,86.0,122,50,60,4,73.0,744,10359
92,Luis Flores,JR,2002,2003,G,Manhattan,MAAC,30,1166.0,231,508,175,363,56,145,221,245,49.0,120.0,169,87,58,11,98.0,739,10359
93,Luis Flores,SO,2001,2002,G,Manhattan,MAAC,29,1055.0,180,395,141,300,39,95,164,188,48.0,66.0,114,69,43,6,96.0,563,10359
94,Luke Babbitt,SO,2009,2010,F,Nevada,WAC,34,1260.0,251,502,209,401,42,101,199,217,70.0,233.0,303,72,35,27,81.0,743,9260
95,Luke Babbitt,FR,2008,2009,F,Nevada,WAC,34,1110.0,194,425,161,348,33,77,152,176,63.0,188.0,251,47,24,24,65.0,573,9260
96,Andre Emmett,JR,2002,2003,G,Texas Tech,Big 12,34,1258.0,297,595,286,557,11,38,136,191,77.0,149.0,226,63,64,16,71.0,741,10259
97,Andre Emmett,SR,2003,2004,G,Texas Tech,Big 12,34,1259.0,260,494,244,449,16,45,165,226,69.0,156.0,225,62,44,10,70.0,701,10259
98,Andre Emmett,SO,2001,2002,G,Texas Tech,Big 12,32,1048.0,242,466,233,438,9,28,106,157,78.0,134.0,212,48,40,13,61.0,599,10259
99,Derrick Williams,SO,2010,2011,F,Arizona,Pac-10,38,1141.0,226,380,184,306,42,74,247,331,105.0,209.0,314,43,37,26,100.0,741,13467
100,Marcus Thornton,SR,2008,2009,G,Louisiana State,SEC,35,1116.0,256,542,178,341,78,201,149,200,71.0,121.0,192,75,56,13,64.0,739,13120
101,Marcus Thornton,SR,2014,2015,G,William & Mary,CAA,33,1210.0,215,472,113,218,102,254,127,153,9.0,83.0,92,95,21,4,77.0,659,13120
102,Marcus Thornton,JR,2007,2008,G,Louisiana State,SEC,31,1043.0,212,486,122,247,90,239,94,115,63.0,111.0,174,42,43,10,68.0,608,13120
103,Marcus Thornton,JR,2013,2014,G,William & Mary,CAA,32,1139.0,195,448,102,217,93,231,116,149,7.0,66.0,73,90,34,7,76.0,599,13120
104,Marcus Thornton,SO,2012,2013,G,William & Mary,CAA,30,1090.0,181,411,88,197,93,214,110,133,11.0,72.0,83,83,26,15,92.0,565,13120
105,Ben Bentil,SO,2015,2016,F,Providence,Big East,35,1198.0,246,533,194,375,52,158,194,248,94.0,174.0,268,40,30,36,67.0,738,9400
106,J.R. Bremer,SR,2001,2002,G,St. Bonaventure,A-10,30,1140.0,231,560,143,294,88,266,188,234,40.0,100.0,140,92,56,2,91.0,738,9547
107,Kyle Wiltjer,SR,2015,2016,F,Gonzaga,WCC,36,1209.0,260,529,170,323,90,206,126,147,61.0,167.0,228,53,13,29,74.0,736,13547
108,Kyle Wiltjer,JR,2014,2015,F,Gonzaga,WCC,38,1049.0,242,448,174,302,68,146,86,109,51.0,184.0,235,71,18,25,43.0,638,13547
109,James Anderson,JR,2009,2010,G,Oklahoma State,Big 12,33,1124.0,226,494,152,277,74,217,209,258,64.0,128.0,192,80,46,20,78.0,735,9187
110,James Anderson,SO,2008,2009,G,Oklahoma State,Big 12,35,1171.0,209,434,125,228,84,206,136,164,76.0,122.0,198,48,40,24,69.0,638,9187
111,Juan Dixon,SR,2001,2002,G,Maryland,ACC,36,1209.0,251,535,159,303,92,232,141,157,49.0,117.0,166,104,92,7,89.0,735,10120
112,Juan Dixon,JR,2000,2001,G,Maryland,ACC,36,1098.0,232,480,170,329,62,151,128,148,46.0,107.0,153,93,95,8,86.0,654,10120
113,Courtney Lee,SR,2007,2008,G,Western Kentucky,Sun Belt,36,1079.0,259,543,190,369,69,174,148,180,48.0,127.0,175,75,65,28,84.0,735,11458
114,Nate Wolters,SR,2012,2013,G,South Dakota State,Summit,33,1256.0,242,499,178,330,64,169,187,230,36.0,148.0,184,193,57,4,77.0,735,13571
115,Nate Wolters,JR,2011,2012,G,South Dakota State,Summit,34,1216.0,250,558,217,421,33,137,188,240,31.0,143.0,174,202,59,2,75.0,721,13571
116,Nate Wolters,SO,2010,2011,G,South Dakota State,Summit,31,1029.0,201,449,159,346,42,103,160,201,32.0,110.0,142,188,41,7,68.0,604,13571
117,Drew Gooden,JR,2001,2002,F,Kansas,Big 12,37,1119.0,285,566,275,530,10,36,154,204,126.0,297.0,423,73,65,53,108.0,734,10547
118,Klay Thompson,JR,2010,2011,G,Washington State,Pac-10,34,1179.0,240,551,142,305,98,246,155,185,25.0,153.0,178,127,56,32,115.0,733,13108
119,Klay Thompson,SO,2009,2010,G,Washington State,Pac-10,31,1096.0,200,485,124,276,76,209,133,166,37.0,122.0,159,70,44,22,104.0,609,13108
120,Frank Kaminsky,SR,2014,2015,C,Wisconsin,Big Ten,39,1311.0,267,488,225,387,42,101,156,200,58.0,262.0,320,103,33,57,63.0,732,11236
121,D.J. Augustin,SO,2007,2008,G,Texas,Big 12,38,1417.0,242,551,168,357,74,194,173,221,20.0,92.0,112,219,47,0,105.0,731,9247
122,Justin Jackson,JR,2016,2017,F,North Carolina,ACC,40,1281.0,264,596,159,312,105,284,98,131,58.0,128.0,186,113,31,9,69.0,731,11022
123,Trey Burke,SO,2012,2013,G,Michigan,Big Ten,39,1378.0,259,560,183,362,76,198,133,166,21.0,103.0,124,260,62,20,86.0,727,9654
124,Rodney Stuckey,FR,2005,2006,G,Eastern Washington,Big Sky,30,990.0,250,510,195,362,55,148,171,225,32.0,112.0,144,123,66,8,107.0,726,12992
125,Rodney Stuckey,SO,2006,2007,G,Eastern Washington,Big Sky,29,965.0,227,501,184,340,43,161,215,254,35.0,100.0,135,160,71,9,98.0,712,12992
126,Hakim Warrick,SR,2004,2005,F,Syracuse,Big East,34,1275.0,253,462,244,431,9,31,211,310,106.0,188.0,294,50,33,27,86.0,726,13327
127,Hakim Warrick,JR,2003,2004,F,Syracuse,Big East,31,1156.0,222,434,222,428,0,6,171,247,98.0,168.0,266,82,29,35,95.0,615,13327
128,Ike Diogu,JR,2004,2005,F,Arizona State,Pac-10,32,1164.0,229,398,211,353,18,45,248,311,118.0,194.0,312,43,18,75,115.0,724,10115
129,Ike Diogu,SO,2003,2004,F,Arizona State,Pac-10,27,996.0,179,338,165,301,14,37,243,298,90.0,151.0,241,44,13,47,99.0,615,10115
130,Ike Diogu,FR,2002,2003,F,Arizona State,Pac-10,32,1030.0,209,344,200,320,9,24,180,245,98.0,151.0,249,26,8,31,91.0,607,10115
131,Chris Douglas-Roberts,JR,2007,2008,G,Memphis,CUSA,40,1147.0,259,479,214,370,45,109,161,226,53.0,112.0,165,71,49,18,83.0,724,10142
132,Chris Douglas-Roberts,SO,2006,2007,G,Memphis,CUSA,35,930.0,194,357,175,299,19,58,131,179,37.0,83.0,120,61,39,16,66.0,538,10142
133,Chasson Randle,SR,2014,2015,G,Stanford,Pac-12,37,1347.0,217,539,127,291,90,248,200,228,11.0,112.0,123,112,50,5,75.0,724,12409
134,Chasson Randle,JR,2013,2014,G,Stanford,Pac-12,36,1263.0,218,460,150,285,68,175,171,223,20.0,109.0,129,77,37,2,88.0,675,12409
135,Ben Gordon,JR,2003,2004,G,Connecticut,Big East,39,1346.0,239,551,135,311,104,240,141,170,34.0,150.0,184,176,53,6,108.0,723,10553
136,Ben Gordon,SO,2002,2003,G,Connecticut,Big East,33,1101.0,211,476,131,285,80,191,143,177,29.0,109.0,138,156,38,7,113.0,645,10553
137,Luke Kennard,SO,2016,2017,G,Duke,ACC,37,1314.0,237,485,149,284,88,201,160,187,43.0,145.0,188,91,31,13,59.0,722,11269
138,Nick Fazekas,JR,2005,2006,F,Nevada,WAC,33,1051.0,268,507,237,400,31,107,154,182,100.0,242.0,342,68,36,49,59.0,721,10310
139,Nick Fazekas,SO,2004,2005,F,Nevada,WAC,32,1009.0,223,444,190,343,33,101,183,232,61.0,240.0,301,30,20,51,70.0,662,10310
140,Nick Fazekas,SR,2006,2007,F,Nevada,WAC,32,969.0,248,437,220,372,28,65,128,151,95.0,259.0,354,56,24,48,64.0,652,10310
141,Jamal Murray,FR,2015,2016,G,Kentucky,SEC,36,1267.0,244,538,131,261,113,277,119,152,53.0,133.0,186,79,35,11,84.0,720,11984
142,Shabazz Napier,SR,2013,2014,G,Connecticut,AAC,40,1404.0,213,496,126,281,87,215,207,238,38.0,196.0,234,195,73,13,114.0,720,12012
143,Lynn Greer,SR,2001,2002,G,Temple,A-10,31,1232.0,226,560,131,314,95,246,172,197,19.0,78.0,97,130,52,5,104.0,719,10629
144,Lynn Greer,JR,2000,2001,G,Temple,A-10,37,1465.0,215,536,134,322,81,214,164,189,34.0,98.0,132,202,75,4,80.0,675,10629
145,Jordan Crawford,SO,2009,2010,G,Xavier,A-10,35,1147.0,260,563,181,361,79,202,119,154,34.0,132.0,166,101,47,7,85.0,718,9927
146,Georges Niang,SR,2015,2016,F,Iowa State,Big 12,35,1162.0,283,518,227,375,56,143,96,119,46.0,172.0,218,117,31,22,92.0,718,12054
147,Georges Niang,SO,2013,2014,F,Iowa State,Big 12,34,1025.0,222,468,174,321,48,147,75,104,34.0,118.0,152,123,21,21,82.0,567,12054
148,Alando Tucker,SR,2006,2007,G,Wisconsin,Big Ten,36,1181.0,256,545,216,422,40,123,164,249,78.0,118.0,196,73,33,10,60.0,716,13173
149,Alando Tucker,JR,2005,2006,G,Wisconsin,Big Ten,31,1034.0,222,490,205,422,17,68,127,233,75.0,102.0,177,53,19,7,63.0,588,13173
150,Andrew Bogut,SO,2004,2005,F,Utah,MWC,35,1224.0,281,453,272,428,9,25,144,208,130.0,297.0,427,82,34,65,96.0,715,9467
151,Jacob Pullen,JR,2009,2010,G,Kansas State,Big 12,37,1168.0,201,480,91,202,110,278,203,247,16.0,80.0,96,125,67,2,93.0,715,12380
152,Jacob Pullen,SR,2010,2011,G,Kansas State,Big 12,31,1012.0,191,448,117,254,74,194,170,220,20.0,70.0,90,115,49,4,95.0,626,12380
153,Pierre Jackson,SR,2012,2013,G,Baylor,Big 12,36,1252.0,216,506,128,261,88,245,192,240,24.0,111.0,135,255,54,0,122.0,712,11032
154,Kareem Rush,JR,2001,2002,F,Missouri,Big 12,36,1149.0,249,585,138,311,111,274,103,134,48.0,140.0,188,89,39,22,103.0,712,12613
155,Kareem Rush,SO,2000,2001,F,Missouri,Big 12,26,796.0,192,434,123,280,69,154,96,120,58.0,116.0,174,51,34,21,87.0,549,12613
156,Dwyane Wade,JR,2002,2003,G,Marquette,CUSA,33,1058.0,251,501,237,457,14,44,194,249,60.0,149.0,209,145,71,43,107.0,710,13268
157,Dwyane Wade,SO,2001,2002,G,Marquette,CUSA,32,935.0,223,458,205,406,18,52,107,155,81.0,130.0,211,110,79,36,96.0,571,13268
158,Seth Curry,FR,2008,2009,G,Liberty,Big South,35,1277.0,243,583,141,289,102,294,119,143,24.0,129.0,153,79,48,9,79.0,707,9968
159,Seth Curry,SR,2012,2013,G,Duke,ACC,35,1130.0,197,424,102,207,95,217,123,152,20.0,69.0,89,54,30,6,42.0,612,9968
160,Cameron Payne,SO,2014,2015,G,Murray State,OVC,35,1127.0,245,537,161,314,84,223,133,169,21.0,108.0,129,209,68,17,87.0,707,12242
161,Cameron Payne,FR,2013,2014,G,Murray State,OVC,34,1111.0,190,470,118,259,72,211,120,155,10.0,113.0,123,185,57,20,110.0,572,12242
162,Kyle Singler,JR,2009,2010,F,Duke,ACC,40,1436.0,228,550,143,337,85,213,166,208,90.0,190.0,280,96,41,32,79.0,707,12802
163,Kyle Singler,SR,2010,2011,F,Duke,ACC,37,1286.0,219,509,157,316,62,193,125,155,88.0,165.0,253,60,34,12,70.0,625,12802
164,Kyle Singler,SO,2008,2009,F,Duke,ACC,37,1193.0,208,472,139,292,69,180,124,174,112.0,172.0,284,89,57,38,92.0,609,12802
165,Dominique Jones,JR,2009,2010,G,South Florida,Big East,33,1224.0,222,493,170,326,52,167,209,282,37.0,164.0,201,120,56,19,97.0,705,11175
166,Dominique Jones,SO,2008,2009,G,South Florida,Big East,31,1161.0,193,461,139,286,54,175,121,171,61.0,112.0,173,122,41,12,82.0,561,11175
167,Landry Fields,SR,2009,2010,G,Stanford,Pac-10,32,1161.0,248,506,219,420,29,86,179,257,81.0,199.0,280,89,51,25,83.0,704,10340
168,James Harden,SO,2008,2009,G,Arizona State,Pac-10,35,1254.0,221,452,163,289,58,163,204,270,48.0,147.0,195,148,59,11,118.0,704,10728
169,James Harden,FR,2007,2008,G,Arizona State,Pac-10,34,1158.0,196,372,152,264,44,108,169,224,44.0,135.0,179,110,73,19,89.0,605,10728
170,Nick Collison,SR,2002,2003,F,Kansas,Big 12,38,1232.0,281,507,268,469,13,38,127,200,125.0,255.0,380,84,44,74,92.0,702,9856
171,Nick Collison,JR,2001,2002,F,Kansas,Big 12,37,990.0,245,414,242,406,3,8,84,146,124.0,183.0,307,64,39,83,93.0,577,9856
172,Sean Kilpatrick,SR,2013,2014,G,Cincinnati,AAC,34,1149.0,214,506,121,239,93,267,180,213,36.0,110.0,146,86,48,1,70.0,701,11294
173,Sean Kilpatrick,JR,2012,2013,G,Cincinnati,Big East,34,1169.0,194,488,112,221,82,267,107,145,45.0,131.0,176,63,42,8,67.0,577,11294
174,Jabari Brown,JR,2013,2014,G,Missouri,SEC,35,1295.0,203,435,123,240,80,195,212,266,17.0,138.0,155,67,22,5,82.0,698,9597
175,Gary Forbes,SR,2007,2008,F,Massachusetts,A-10,36,1214.0,233,572,176,377,57,195,175,243,65.0,205.0,270,109,41,25,113.0,698,10370
176,JaJuan Johnson,SR,2010,2011,F,Purdue,Big Ten,34,1203.0,257,520,242,469,15,51,169,209,82.0,209.0,291,33,30,79,56.0,698,11122
177,JaJuan Johnson,JR,2009,2010,F,Purdue,Big Ten,35,1093.0,192,379,192,375,0,4,158,220,82.0,168.0,250,26,30,72,63.0,542,11122
178,Ryan Anderson,SO,2007,2008,F,University of California,Pac-10,33,1082.0,230,469,166,313,64,156,173,199,100.0,228.0,328,47,12,18,74.0,697,9197
179,Ryan Anderson,FR,2006,2007,F,University of California,Pac-10,33,1096.0,189,397,131,245,58,152,103,129,79.0,190.0,269,16,22,18,47.0,539,9197
180,John Jenkins,JR,2011,2012,G,Vanderbilt,SEC,35,1177.0,217,458,83,153,134,305,128,153,16.0,85.0,101,42,29,11,55.0,696,11077
181,John Jenkins,SO,2010,2011,G,Vanderbilt,SEC,32,1105.0,190,411,90,166,100,245,144,161,17.0,78.0,95,39,24,11,52.0,624,11077
182,Quincy Pondexter,SR,2009,2010,F,Washington,Pac-10,36,1162.0,245,464,227,413,18,51,187,226,107.0,158.0,265,63,46,21,68.0,695,12329
183,Cameron Bairstow,SR,2013,2014,F,New Mexico,MWC,34,1119.0,237,426,236,423,1,3,219,298,76.0,175.0,251,53,19,51,68.0,694,9273
184,Chris Kaman,JR,2002,2003,C,Central Michigan,MAC,31,1055.0,244,392,244,392,0,0,206,275,112.0,261.0,373,37,19,98,137.0,694,11235
185,Jason Thompson,SR,2007,2008,C,Rider,MAAC,34,1177.0,275,491,264,457,11,34,133,229,114.0,298.0,412,93,36,91,99.0,694,13105
186,Jason Thompson,JR,2006,2007,C,Rider,MAAC,31,1057.0,221,425,215,403,6,22,176,243,92.0,220.0,312,65,23,67,93.0,624,13105
187,Jacob Wiley,SR,2016,2017,F,Eastern Washington,Big Sky,34,1165.0,265,412,260,405,5,7,159,192,95.0,214.0,309,80,26,94,128.0,694,13436
188,Trenton Hassell,SR,2000,2001,F,Austin Peay,OVC,32,1213.0,246,507,193,371,53,136,148,186,82.0,167.0,249,144,39,15,121.0,693,10778
189,Jerel McNeal,SR,2008,2009,G,Marquette,Big East,35,1226.0,236,534,150,318,86,216,135,183,28.0,131.0,159,137,71,21,103.0,693,11791
190,Jordan McRae,SR,2013,2014,G,Tennessee,SEC,37,1190.0,223,512,144,287,79,225,167,212,26.0,102.0,128,91,25,38,77.0,692,11799
191,Thomas Robinson,JR,2011,2012,F,Kansas,Big 12,39,1242.0,261,517,254,503,7,14,163,239,113.0,350.0,463,72,42,34,104.0,692,12541
192,Caron Butler,SO,2001,2002,F,Connecticut,Big East,34,1223.0,253,521,223,446,30,75,155,199,108.0,148.0,256,101,71,13,98.0,691,9675
193,Joseph Forte,SO,2000,2001,G,North Carolina,ACC,33,1145.0,251,558,196,412,55,146,133,156,41.0,160.0,201,116,67,12,84.0,690,10383
194,Pascal Siakam,SO,2015,2016,F,New Mexico State,WAC,34,1176.0,275,510,272,495,3,15,137,202,132.0,263.0,395,58,34,75,67.0,690,12769
195,Al Thornton,SR,2006,2007,G,Florida State,ACC,35,1092.0,244,460,208,379,36,81,166,210,106.0,145.0,251,24,53,40,87.0,690,13117
196,Sam Young,SR,2008,2009,F,Pittsburgh,Big East,36,1146.0,261,520,207,375,54,145,114,154,69.0,156.0,225,40,35,30,88.0,690,13627
197,Sam Young,JR,2007,2008,F,Pittsburgh,Big East,37,1187.0,254,505,210,390,44,115,116,168,83.0,149.0,232,45,41,42,87.0,668,13627
198,George Hill,JR,2007,2008,G,IUPUI,Summit,32,1179.0,220,404,171,295,49,109,199,245,49.0,167.0,216,137,57,13,94.0,688,10869
199,George Hill,SO,2005,2006,G,IUPUI,Mid-Cont,29,1019.0,175,338,159,288,16,50,182,228,62.0,111.0,173,105,49,9,80.0,548,10869
200,R.J. Hunter,JR,2014,2015,G,Georgia State,Sun Belt,35,1294.0,203,514,123,252,80,262,202,230,27.0,138.0,165,126,75,35,77.0,688,10975
201,R.J. Hunter,SO,2013,2014,G,Georgia State,Sun Belt,33,1106.0,181,408,81,155,100,253,142,161,11.0,140.0,151,57,63,31,39.0,604,10975
202,Theron Smith,JR,2001,2002,F,Ball State,MAC,35,1156.0,233,454,188,335,45,119,176,237,120.0,261.0,381,48,39,22,93.0,687,12883
203,A.J. English,JR,2014,2015,G,Iona,MAAC,34,1272.0,212,491,106,217,106,274,155,197,26.0,148.0,174,172,49,18,128.0,685,10263
204,A.J. English,SR,2015,2016,G,Iona,MAAC,28,1005.0,190,439,96,185,94,254,158,189,15.0,126.0,141,174,44,14,101.0,632,10263
205,A.J. English,SO,2013,2014,G,Iona,MAAC,33,1207.0,170,419,86,182,84,237,144,188,22.0,108.0,130,142,33,14,92.0,568,10263
206,Brandon Armstrong,JR,2000,2001,G,Pepperdine,WCC,31,1027.0,240,537,164,339,76,198,128,155,36.0,65.0,101,46,46,6,65.0,684,9226
207,O.J. Mayo,FR,2007,2008,G,Southern California,Pac-10,33,1216.0,237,536,149,321,88,215,122,152,35.0,115.0,150,109,51,13,117.0,684,11693
208,Kevin Love,FR,2007,2008,C,UCLA,Pac-10,39,1156.0,227,406,198,324,29,82,198,258,142.0,273.0,415,75,27,56,78.0,681,11550
209,Kevin Murphy,SR,2011,2012,G,Tennessee Tech,OVC,33,1139.0,239,538,160,348,79,190,124,172,30.0,143.0,173,76,28,7,108.0,681,11979
210,Kevin Murphy,JR,2010,2011,G,Tennessee Tech,OVC,33,966.0,202,423,165,312,37,111,119,162,18.0,130.0,148,58,34,6,107.0,560,11979
211,Alec Peters,JR,2015,2016,F,Valparaiso,Horizon,37,1186.0,223,442,132,235,91,207,142,167,93.0,219.0,312,49,26,11,63.0,679,12277
212,Alec Peters,SR,2016,2017,F,Valparaiso,Horizon,29,1019.0,218,468,160,308,58,160,172,194,74.0,219.0,293,64,23,11,71.0,666,12277
213,Alec Peters,SO,2014,2015,F,Valparaiso,Horizon,34,1039.0,195,399,112,221,83,178,97,117,64.0,163.0,227,42,24,11,49.0,570,12277
214,Willie Green,SR,2002,2003,G,Detroit Mercy,Horizon,30,1021.0,244,498,207,399,37,99,153,190,32.0,116.0,148,75,40,13,68.0,678,10623
215,Brice Johnson,SR,2015,2016,F,North Carolina,ACC,40,1121.0,267,435,267,435,0,0,144,184,115.0,301.0,416,58,43,59,71.0,678,11095
216,Randy Foye,SR,2005,2006,G,Villanova,Big East,33,1145.0,226,550,137,296,89,254,136,172,54.0,136.0,190,100,46,21,71.0,677,10401
217,Shelden Williams,SR,2005,2006,F,Duke,ACC,36,1198.0,237,410,235,404,2,6,201,270,117.0,267.0,384,39,60,137,89.0,677,13516
218,Isaiah Canaan,SR,2012,2013,G,Murray State,OVC,31,1131.0,215,499,121,245,94,254,152,185,19.0,91.0,110,133,47,4,98.0,676,9713
219,Isaiah Canaan,JR,2011,2012,G,Murray State,OVC,33,1112.0,187,400,89,185,98,215,154,184,27.0,87.0,114,120,45,2,89.0,626,9713
220,Malcolm Brogdon,SR,2015,2016,G,Virginia,ACC,37,1263.0,230,503,155,311,75,192,140,156,19.0,131.0,150,115,35,9,52.0,675,9571
221,D'Angelo Russell,FR,2014,2015,G,Ohio State,Big Ten,35,1188.0,231,515,136,284,95,231,118,156,35.0,163.0,198,175,55,11,102.0,675,12618
222,Orlando Johnson,JR,2010,2011,G,UC-Santa Barbara,Big West,32,1065.0,222,467,156,304,66,163,164,204,49.0,149.0,198,94,39,16,87.0,674,11140
223,Orlando Johnson,SR,2011,2012,G,UC-Santa Barbara,Big West,31,1067.0,207,459,137,295,70,164,127,182,52.0,127.0,179,91,34,23,76.0,611,11140
224,Orlando Johnson,SO,2009,2010,G,UC-Santa Barbara,Big West,30,939.0,176,366,130,250,46,116,142,202,56.0,106.0,162,69,21,17,81.0,540,11140
225,Jerrelle Benimon,SR,2013,2014,F,Towson,CAA,36,1307.0,225,425,211,381,14,44,209,293,84.0,320.0,404,130,25,44,124.0,673,9387
226,Reece Gaines,JR,2001,2002,G,Louisville,CUSA,32,1049.0,209,458,118,217,91,241,164,205,25.0,99.0,124,114,44,11,70.0,673,10444
227,Reece Gaines,SR,2002,2003,G,Louisville,CUSA,32,1030.0,177,383,102,191,75,192,145,197,18.0,76.0,94,159,55,4,95.0,574,10444
228,Josh Hart,SR,2016,2017,G,Villanova,Big East,36,1193.0,236,463,162,280,74,183,127,170,51.0,179.0,230,106,56,10,71.0,673,10772
229,Josh Hart,JR,2015,2016,G,Villanova,Big East,40,1255.0,230,448,175,294,55,154,103,137,74.0,196.0,270,77,46,10,66.0,618,10772
230,John Holland,JR,2009,2010,F,Boston University,AEC,35,1205.0,215,468,155,300,60,168,183,215,59.0,155.0,214,37,56,10,72.0,673,10900
231,John Holland,SR,2010,2011,F,Boston University,AEC,34,1153.0,203,526,127,296,76,230,172,200,44.0,152.0,196,54,47,11,73.0,654,10900
232,John Holland,SO,2008,2009,F,Boston University,AEC,30,1065.0,185,399,105,197,80,202,93,121,67.0,99.0,166,32,53,10,52.0,543,10900
233,Kevin Martin,JR,2003,2004,G,Western Carolina,Southern,27,843.0,208,439,157,287,51,152,206,252,25.0,105.0,130,47,50,8,84.0,673,11661
234,Kevin Martin,FR,2001,2002,G,Western Carolina,Southern,28,913.0,196,405,123,214,73,191,154,186,27.0,106.0,133,43,51,10,74.0,619,11661
235,Kevin Martin,SO,2002,2003,G,Western Carolina,Southern,24,759.0,161,380,111,220,50,160,174,197,23.0,68.0,91,43,33,12,74.0,546,11661
236,Charles Williams,SO,2017,2018,F,Howard,MEAC,33,1173.0,253,567,179,386,74,181,93,119,23.0,89.0,112,19,28,10,58.0,673,13461
237,Charles Williams,JR,2018,2019,G,Howard,MEAC,33,1027.0,209,469,149,308,60,161,112,131,22.0,68.0,90,23,22,9,49.0,590,13461
238,Dan Dickau,SR,2001,2002,G,Gonzaga,WCC,32,1110.0,195,442,78,186,117,256,165,191,15.0,80.0,95,149,26,4,92.0,672,10092
239,Elfrid Payton,JR,2013,2014,G,Louisiana,Sun Belt,35,1258.0,237,466,223,412,14,54,184,302,81.0,129.0,210,208,80,21,127.0,672,12245
240,Jordan Hamilton,SO,2010,2011,G,Texas,Big 12,36,1159.0,243,552,153,318,90,234,95,122,72.0,204.0,276,76,31,23,77.0,671,10695
241,Rasual Butler,SR,2001,2002,F,La Salle,A-10,32,1252.0,233,537,176,379,57,158,147,172,75.0,208.0,283,44,41,43,84.0,670,9681
242,Rasual Butler,JR,2000,2001,F,La Salle,A-10,29,1114.0,231,574,134,302,97,272,82,97,51.0,85.0,136,57,34,20,93.0,641,9681
243,Dionte Christmas,JR,2007,2008,G,Temple,A-10,34,1266.0,210,478,106,196,104,282,146,189,43.0,159.0,202,86,46,7,96.0,670,9803
244,Dionte Christmas,SR,2008,2009,G,Temple,A-10,34,1191.0,218,527,111,223,107,304,119,158,36.0,161.0,197,98,51,5,98.0,662,9803
245,Dionte Christmas,SO,2006,2007,G,Temple,A-10,30,1029.0,192,412,104,192,88,220,128,147,27.0,99.0,126,62,41,11,73.0,600,9803
246,Ryan Gomes,SR,2004,2005,F,Providence,Big East,31,1161.0,247,498,195,361,52,137,124,161,86.0,169.0,255,100,47,5,76.0,670,10544
247,Ryan Gomes,SO,2002,2003,F,Providence,Big East,32,1152.0,213,397,213,394,0,3,163,194,106.0,205.0,311,66,55,25,78.0,589,10544
248,Ryan Gomes,JR,2003,2004,F,Providence,Big East,29,1008.0,192,379,163,292,29,87,134,154,109.0,165.0,274,67,46,4,76.0,547,10544
249,Jabari Parker,FR,2013,2014,F,Duke,ACC,35,1074.0,236,499,198,393,38,106,160,214,105.0,201.0,306,41,37,43,81.0,670,12205
250,Glen Davis,SO,2005,2006,F,Louisiana State,SEC,36,1144.0,250,505,244,482,6,23,163,241,145.0,205.0,350,50,47,41,96.0,669,10018
251,Eric Gordon,FR,2007,2008,G,Indiana,Big Ten,32,1110.0,184,425,114,217,70,208,231,277,23.0,81.0,104,78,42,20,115.0,669,10555
252,Malcolm Delaney,JR,2009,2010,G,Virginia Tech,ACC,33,1183.0,187,483,124,277,63,206,230,273,30.0,92.0,122,147,41,3,99.0,667,10066
253,Malcolm Delaney,SR,2010,2011,G,Virginia Tech,ACC,34,1300.0,186,443,102,237,84,206,181,213,27.0,92.0,119,137,56,6,103.0,637,10066
254,Malcolm Delaney,SO,2008,2009,G,Virginia Tech,ACC,34,1255.0,160,416,90,218,70,198,225,259,34.0,102.0,136,152,50,11,97.0,615,10066
255,Brandon Roy,SR,2005,2006,G,Washington,Pac-10,33,1046.0,228,449,189,352,39,97,171,211,69.0,117.0,186,135,46,26,75.0,666,12592
256,J.J. Barea,JR,2004,2005,G,Northeastern,AEC,30,996.0,233,556,165,344,68,212,131,167,20.0,109.0,129,218,53,0,134.0,665,9294
257,J.J. Barea,SR,2005,2006,G,Northeastern,CAA,29,974.0,209,522,143,295,66,227,126,165,31.0,98.0,129,244,37,0,136.0,610,9294
258,J.J. Barea,SO,2003,2004,G,Northeastern,AEC,26,890.0,180,467,107,263,73,204,105,146,22.0,72.0,94,150,44,0,77.0,538,9294
259,Semi Ojeleye,JR,2016,2017,F,Southern Methodist,AAC,35,1195.0,210,431,137,259,73,172,172,219,80.0,160.0,240,53,15,14,50.0,665,12132
260,Matt Carroll,SR,2002,2003,G,Notre Dame,Big East,34,1154.0,215,487,116,244,99,243,135,160,29.0,140.0,169,55,37,5,54.0,664,9739
261,Jonny Flynn,SO,2008,2009,G,Syracuse,Big East,38,1418.0,219,476,174,334,45,142,180,229,22.0,82.0,104,254,54,6,129.0,663,10362
262,Jonny Flynn,FR,2007,2008,G,Syracuse,Big East,35,1243.0,191,416,135,255,56,161,110,142,22.0,72.0,94,185,53,6,95.0,548,10362
263,Demetris Nichols,SR,2006,2007,F,Syracuse,Big East,35,1217.0,225,503,125,263,100,240,113,133,50.0,140.0,190,54,49,37,77.0,663,12055
264,Sindarius Thornwell,SR,2016,2017,G,South Carolina,SEC,31,1051.0,195,439,137,291,58,148,215,259,77.0,144.0,221,86,66,30,76.0,663,13121
265,Lamond Murray,SR,2016,2017,G,Pepperdine,WCC,31,1060.0,251,528,200,394,51,134,109,140,36.0,140.0,176,40,35,12,81.0,662,11986
266,Salim Stoudamire,SR,2004,2005,G,Arizona,Pac-10,36,1126.0,210,417,90,179,120,238,122,134,9.0,74.0,83,78,30,4,85.0,662,12977
267,Sherron Collins,JR,2008,2009,G,Kansas,Big 12,35,1229.0,226,521,149,316,77,205,132,166,19.0,82.0,101,174,39,0,115.0,661,9852
268,Sherron Collins,SR,2009,2010,G,Kansas,Big 12,36,1187.0,185,434,115,245,70,189,118,138,8.0,67.0,75,161,39,2,85.0,558,9852
269,Justin Harper,SR,2010,2011,F,Richmond,A-10,37,1178.0,245,459,168,287,77,172,94,118,62.0,194.0,256,43,23,46,56.0,661,10741
270,Jameer Nelson,SR,2003,2004,G,Saint Joseph's,A-10,32,1085.0,234,493,161,306,73,187,118,149,33.0,117.0,150,170,89,1,91.0,659,12034
271,Jameer Nelson,JR,2002,2003,G,Saint Joseph's,A-10,30,1048.0,194,444,130,255,64,189,139,180,39.0,115.0,154,142,66,6,87.0,591,12034
272,Casey Jacobsen,JR,2001,2002,G,Stanford,Pac-10,30,1058.0,205,465,141,293,64,172,184,237,45.0,90.0,135,106,18,3,73.0,658,11043
273,Casey Jacobsen,SO,2000,2001,G,Stanford,Pac-10,34,1079.0,203,400,119,222,84,178,126,155,28.0,108.0,136,78,18,3,65.0,616,11043
274,Kevin Jones,SR,2011,2012,F,West Virginia,Big East,33,1265.0,260,511,226,383,34,128,103,132,141.0,219.0,360,41,23,34,42.0,657,11191
275,Brandon Knight,FR,2010,2011,G,Kentucky,SEC,38,1363.0,217,513,130,282,87,231,136,171,25.0,128.0,153,159,25,8,120.0,657,11336
276,Jahlil Okafor,FR,2014,2015,C,Duke,ACC,38,1143.0,279,420,279,420,0,0,99,194,134.0,188.0,322,49,29,54,95.0,657,12134
277,Maurice Ager,SR,2005,2006,G,Michigan State,Big Ten,34,1170.0,226,495,143,274,83,221,121,159,24.0,115.0,139,84,23,11,87.0,656,9128
278,Luke Jackson,SR,2003,2004,G,Oregon,Pac-10,31,1072.0,210,430,137,264,73,166,163,189,57.0,166.0,223,139,39,5,93.0,656,11023
279,Luke Jackson,SR,2003,2004,G,Oregon,Pac-10,31,1072.0,210,430,137,264,73,166,163,189,57.0,166.0,223,139,39,5,93.0,656,11024
280,Luke Jackson,SO,2001,2002,G,Oregon,Pac-10,35,1069.0,189,413,143,298,46,115,159,184,55.0,133.0,188,115,44,12,69.0,583,11023
281,Luke Jackson,SO,2001,2002,G,Oregon,Pac-10,35,1069.0,189,413,143,298,46,115,159,184,55.0,133.0,188,115,44,12,69.0,583,11024
282,Marcus Morris,JR,2010,2011,F,Kansas,Big 12,38,1076.0,240,421,214,345,26,76,148,215,99.0,191.0,290,62,32,24,67.0,654,11934
283,Melvin Ely,SR,2001,2002,C,Fresno State,WAC,28,999.0,246,437,246,436,0,1,161,219,90.0,164.0,254,50,19,88,73.0,653,10256
284,Tim Kempton,SR,2016,2017,C,Lehigh,Patriot,32,1012.0,231,422,208,366,23,56,168,221,62.0,271.0,333,36,29,41,99.0,653,11267
285,Troy Murphy,JR,2000,2001,F,Notre Dame,Big East,30,1090.0,223,473,193,387,30,86,177,231,94.0,183.0,277,62,27,50,90.0,653,11982
286,Sean Singletary,SR,2007,2008,G,Virginia,ACC,33,1122.0,203,476,145,318,58,158,189,222,26.0,101.0,127,202,60,1,128.0,653,12803
287,Sean Singletary,JR,2006,2007,G,Virginia,ACC,32,1064.0,170,425,91,222,79,203,190,218,36.0,111.0,147,151,38,1,100.0,609,12803
288,Fred Jones,SR,2001,2002,G,Oregon,Pac-10,35,1103.0,215,413,164,276,51,137,169,194,65.0,124.0,189,111,63,18,82.0,650,11182
289,Marcus Banks,SR,2002,2003,G,Nevada-Las Vegas,MWC,32,1154.0,223,434,182,312,41,122,162,214,18.0,89.0,107,175,91,4,126.0,649,9287
290,Luke Ridnour,JR,2002,2003,G,Oregon,Pac-10,33,1169.0,203,470,122,258,81,212,162,184,20.0,92.0,112,218,63,2,129.0,649,12486
291,Luke Ridnour,SO,2001,2002,G,Oregon,Pac-10,35,1209.0,169,361,76,150,93,211,111,128,9.0,94.0,103,176,58,4,107.0,542,12486
292,Harrison Barnes,SO,2011,2012,F,North Carolina,ACC,38,1111.0,229,521,180,384,49,137,141,195,74.0,124.0,198,43,41,13,74.0,648,9301
293,Harrison Barnes,FR,2010,2011,F,North Carolina,ACC,37,1087.0,209,497,142,302,67,195,93,124,75.0,141.0,216,53,27,16,72.0,578,9301
294,Paul Millsap,JR,2005,2006,F,Louisiana Tech,WAC,33,1126.0,258,452,253,438,5,14,127,204,197.0,241.0,438,36,62,76,83.0,648,11871
295,Paul Millsap,SO,2004,2005,F,Louisiana Tech,WAC,29,1061.0,225,391,225,390,0,1,143,238,156.0,204.0,360,29,33,55,74.0,593,11871
296,Michael Young,SR,2016,2017,F,Pittsburgh,ACC,33,1097.0,217,479,175,356,42,123,172,221,53.0,170.0,223,90,19,25,70.0,648,13624
297,Wayne Ellington,SO,2007,2008,G,North Carolina,ACC,39,1214.0,237,507,159,312,78,195,95,115,41.0,133.0,174,78,44,7,66.0,647,10240
298,Wayne Ellington,JR,2008,2009,G,North Carolina,ACC,38,1155.0,215,445,130,241,85,204,87,112,57.0,129.0,186,101,36,6,62.0,602,10240
299,Michael Gbinije,SR,2015,2016,F,Syracuse,ACC,37,1403.0,225,488,134,255,91,233,106,160,40.0,111.0,151,159,70,13,105.0,647,10491
300,Sean May,JR,2004,2005,C,North Carolina,ACC,37,992.0,228,402,228,399,0,3,191,252,142.0,255.0,397,62,43,38,94.0,647,11686
301,Jared Sullinger,SO,2011,2012,F,Ohio State,Big Ten,37,1123.0,228,439,212,399,16,40,175,228,116.0,224.0,340,46,43,39,71.0,647,12996
302,Jared Sullinger,FR,2010,2011,F,Ohio State,Big Ten,37,1172.0,222,410,219,398,3,12,188,267,131.0,246.0,377,43,37,20,59.0,635,12996
303,Tyshawn Taylor,SR,2011,2012,G,Kansas,Big 12,39,1303.0,226,474,168,322,58,152,137,199,8.0,83.0,91,186,52,6,138.0,647,13049
304,Greivis Vasquez,SR,2009,2010,G,Maryland,ACC,33,1120.0,220,513,151,321,69,192,138,161,38.0,115.0,153,208,56,12,111.0,647,13236
305,Greivis Vasquez,JR,2008,2009,G,Maryland,ACC,35,1210.0,218,538,152,336,66,202,111,128,37.0,152.0,189,176,49,13,98.0,613,13236
306,Greivis Vasquez,SO,2007,2008,G,Maryland,ACC,34,1258.0,199,461,135,254,64,207,115,147,31.0,162.0,193,231,47,9,149.0,577,13236
307,Nick Young,JR,2006,2007,F,Southern California,Pac-10,37,1227.0,239,455,195,355,44,100,125,159,44.0,127.0,171,50,27,10,90.0,647,13625
308,Caleb Swanigan,SO,2016,2017,F,Purdue,Big Ten,35,1139.0,222,421,184,336,38,85,164,210,96.0,340.0,436,107,15,28,118.0,646,13009
309,Craig Brackins,SO,2008,2009,F,Iowa State,Big 12,32,1041.0,243,512,222,438,21,74,138,198,55.0,248.0,303,43,17,30,74.0,645,9519
310,Michael Bradley,JR,2000,2001,C,Villanova,Big East,31,1053.0,254,367,242,333,12,34,125,212,107.0,196.0,303,81,28,56,88.0,645,9530
311,Jared Cunningham,JR,2011,2012,G,Oregon State,Pac-12,36,1245.0,198,440,148,292,50,148,199,270,36.0,102.0,138,101,91,15,102.0,645,9957
312,Andrew Nicholson,JR,2010,2011,F,St. Bonaventure,A-10,31,1049.0,237,415,231,392,6,23,165,232,52.0,173.0,225,32,17,45,99.0,645,12057
313,Andrew Nicholson,SR,2011,2012,F,St. Bonaventure,A-10,32,962.0,220,385,197,332,23,53,128,165,83.0,186.0,269,33,21,63,80.0,591,12057
314,Brandon Hunter,SR,2002,2003,F,Ohio,MAC,30,1146.0,217,415,206,378,11,37,199,335,95.0,283.0,378,78,25,35,108.0,644,10969
315,Brandon Hunter,SO,2000,2001,F,Ohio,MAC,30,988.0,181,355,178,346,3,9,178,271,81.0,201.0,282,80,23,15,117.0,543,10969
316,David West,SR,2002,2003,F,Xavier,A-10,32,1168.0,213,415,204,389,9,26,209,256,100.0,278.0,378,102,42,52,85.0,644,13383
317,David West,JR,2001,2002,F,Xavier,A-10,32,1094.0,196,366,187,338,9,28,185,241,91.0,222.0,313,50,38,80,99.0,586,13383
318,Gerald Brown,JR,2006,2007,G,Loyola (MD),MAAC,29,1018.0,205,465,147,296,58,169,175,234,37.0,107.0,144,78,54,13,119.0,643,9595
319,Gerald Brown,SR,2007,2008,G,Loyola (MD),MAAC,33,1037.0,178,453,111,262,67,191,190,240,48.0,111.0,159,63,52,5,96.0,613,9595
320,Carl Landry,JR,2006,2007,F,Purdue,Big Ten,34,1035.0,219,367,215,348,4,19,201,277,101.0,148.0,249,42,40,32,102.0,643,11414
321,Joe Crispin,SR,2000,2001,G,Penn State,Big Ten,33,1121.0,195,523,87,220,108,303,144,165,15.0,103.0,118,110,47,5,96.0,642,9931
322,Shawn Long,SR,2015,2016,F,Louisiana,Sun Belt,34,1042.0,232,443,214,376,18,67,160,235,137.0,274.0,411,47,24,61,91.0,642,11537
323,Shawn Long,SO,2013,2014,F,Louisiana,Sun Belt,34,999.0,239,458,206,380,33,78,120,178,121.0,232.0,353,19,23,91,73.0,631,11537
324,Shawn Long,JR,2014,2015,F,Louisiana,Sun Belt,34,951.0,205,378,177,301,28,77,120,182,103.0,243.0,346,50,22,56,78.0,558,11537
325,Kirk Hinrich,SR,2002,2003,G,Kansas,Big 12,37,1241.0,232,488,143,269,89,219,88,125,38.0,101.0,139,130,69,16,83.0,641,10880
326,Kirk Hinrich,JR,2001,2002,G,Kansas,Big 12,37,1142.0,198,366,132,228,66,138,84,104,44.0,133.0,177,186,59,15,99.0,546,10880
327,Wesley Matthews,SR,2008,2009,G,Marquette,Big East,35,1191.0,193,406,151,292,42,114,213,257,46.0,155.0,201,86,43,18,82.0,641,11678
328,Tyler Cavanaugh,SR,2016,2017,F,George Washington,A-10,35,1126.0,200,446,133,282,67,164,173,204,87.0,207.0,294,71,19,14,93.0,640,9766
329,Tyler Cavanaugh,JR,2015,2016,F,George Washington,A-10,38,1157.0,209,414,156,287,53,127,167,202,76.0,213.0,289,46,21,10,79.0,638,9766
330,Mike Harris,SR,2004,2005,F,Rice,WAC,31,1008.0,240,395,233,366,7,29,152,190,112.0,251.0,363,39,40,37,68.0,639,10762
331,Mike Harris,JR,2003,2004,F,Rice,WAC,33,1016.0,217,360,201,327,16,33,128,183,102.0,193.0,295,40,45,22,60.0,578,10762
332,Carlos Boozer,JR,2001,2002,C,Duke,ACC,35,993.0,230,346,230,345,0,1,178,236,119.0,184.0,303,38,31,21,65.0,638,9489
333,Kirk Snyder,JR,2003,2004,G,Nevada,WAC,34,1079.0,209,485,155,330,54,155,166,227,65.0,130.0,195,117,35,22,119.0,638,12893
334,Brandon Davies,SR,2012,2013,F,Brigham Young,WCC,36,1054.0,229,439,224,425,5,14,174,255,74.0,213.0,287,88,48,35,92.0,637,10001
335,Mike Muscala,SR,2012,2013,F,Bucknell,Patriot,34,1079.0,227,446,223,430,4,16,179,227,98.0,280.0,378,78,17,80,58.0,637,11992
336,Mike Muscala,JR,2011,2012,F,Bucknell,Patriot,35,1047.0,193,384,186,364,7,20,203,238,97.0,222.0,319,63,16,59,72.0,596,11992
337,Rodney Carney,SR,2005,2006,F,Memphis,CUSA,37,1027.0,220,505,118,244,102,261,94,132,57.0,101.0,158,47,49,25,54.0,636,9727
338,Rodney Carney,JR,2004,2005,F,Memphis,CUSA,38,1131.0,211,519,135,285,76,234,109,141,63.0,127.0,190,44,39,28,55.0,607,9727
339,Rawle Marshall,SR,2004,2005,G,Oakland,Mid-Cont,32,1157.0,210,477,171,345,39,132,177,242,85.0,161.0,246,70,59,40,102.0,636,11646
340,Dillon Brooks,SO,2015,2016,F,Oregon,Pac-12,38,1247.0,231,492,183,350,48,142,125,155,77.0,129.0,206,119,40,15,89.0,635,9576
341,Dillon Brooks,JR,2016,2017,F,Oregon,Pac-12,35,886.0,206,422,149,280,57,142,95,126,35.0,78.0,113,95,38,16,72.0,564,9576
342,Emeka Okafor,JR,2003,2004,C,Connecticut,Big East,36,1166.0,261,436,261,436,0,0,113,218,138.0,277.0,415,36,36,147,84.0,635,12133
343,Domantas Sabonis,SO,2015,2016,F,Gonzaga,WCC,36,1149.0,239,391,234,377,5,14,150,195,110.0,316.0,426,64,22,31,92.0,633,12625
344,Craig Smith,SR,2005,2006,F,Boston College,ACC,36,1305.0,243,424,242,412,1,12,146,227,112.0,227.0,339,109,44,29,89.0,633,12839
345,Craig Smith,FR,2002,2003,F,Boston College,Big East,31,989.0,241,400,238,385,3,15,132,194,100.0,146.0,246,41,27,28,74.0,617,12839
346,Craig Smith,SO,2003,2004,F,Boston College,Big East,34,1117.0,235,425,228,406,7,19,99,173,83.0,200.0,283,46,51,30,65.0,576,12839
347,John Collins,SO,2016,2017,F,Wake Forest,ACC,33,878.0,234,376,234,375,0,1,164,220,124.0,200.0,324,17,21,52,60.0,632,9850
348,Tyreke Evans,FR,2008,2009,G,Memphis,CUSA,37,1072.0,230,505,196,381,34,124,138,194,47.0,151.0,198,143,77,29,133.0,632,10289
349,Chris Harris,SR,2009,2010,G,Navy,Patriot,30,1047.0,183,512,95,255,88,257,178,204,8.0,67.0,75,56,60,3,88.0,632,10755
350,Ben Simmons,FR,2015,2016,F,Louisiana State,SEC,33,1151.0,216,386,215,383,1,3,199,297,103.0,285.0,388,158,65,27,111.0,632,12783
351,Evan Turner,JR,2009,2010,G,Ohio State,Big Ten,31,1108.0,237,457,217,402,20,55,138,183,62.0,222.0,284,185,54,28,136.0,632,13184
352,Evan Turner,SO,2008,2009,G,Ohio State,Big Ten,33,1202.0,193,384,182,359,11,25,175,222,56.0,178.0,234,131,58,27,117.0,572,13184
353,Will Barton,SO,2011,2012,G,Memphis,CUSA,35,1236.0,230,452,193,345,37,107,134,179,70.0,209.0,279,102,50,25,75.0,631,9326
354,Chase Budinger,JR,2008,2009,F,Arizona,Pac-10,35,1317.0,219,456,152,288,67,168,125,156,49.0,168.0,217,118,50,16,85.0,630,9641
355,Chase Budinger,SO,2007,2008,F,Arizona,Pac-10,34,1200.0,204,457,131,265,73,192,102,142,34.0,150.0,184,99,38,6,80.0,583,9641
356,Nik Stauskas,SO,2013,2014,G,Michigan,Big Ten,36,1281.0,185,394,93,186,92,208,168,204,15.0,90.0,105,118,20,11,67.0,630,12937
357,DeMarre Carroll,SR,2008,2009,F,Missouri,Big 12,38,1064.0,246,441,230,397,16,44,121,191,92.0,181.0,273,82,59,25,56.0,629,9737
358,Kris Humphries,FR,2003,2004,F,Minnesota,Big Ten,29,990.0,221,498,204,448,17,50,170,229,91.0,203.0,294,20,27,33,82.0,629,10967
359,Bobby Portis,SO,2014,2015,F,Arkansas,SEC,36,1076.0,250,466,236,436,14,30,115,156,133.0,188.0,321,42,39,50,56.0,629,12340
360,Keith Benson,SR,2010,2011,C,Oakland,Summit,35,1133.0,231,422,222,399,9,23,157,244,93.0,261.0,354,38,28,125,66.0,628,9398
361,Keith Benson,JR,2009,2010,C,Oakland,Summit,35,1095.0,208,390,206,385,2,5,189,261,111.0,256.0,367,28,15,117,58.0,607,9398
362,Jerian Grant,SR,2014,2015,G,Notre Dame,ACC,38,1408.0,204,427,154,269,50,158,170,218,13.0,102.0,115,253,63,19,82.0,628,10584
363,Brian Roberts,SR,2007,2008,G,Dayton,A-10,34,1179.0,208,437,108,217,100,220,111,129,8.0,88.0,96,117,12,4,94.0,627,12512
364,Brian Roberts,JR,2006,2007,G,Dayton,A-10,31,1103.0,179,386,97,207,82,179,133,148,6.0,83.0,89,82,22,7,72.0,573,12512
365,Jordan Adams,SO,2013,2014,G,UCLA,Pac-12,36,1082.0,208,429,156,283,52,146,158,189,67.0,125.0,192,84,95,5,54.0,626,9120
366,Kirk Haston,JR,2000,2001,C,Indiana,Big Ten,33,1018.0,243,552,217,483,26,69,114,166,80.0,208.0,288,41,36,40,79.0,626,10782
367,Mike Smith,SR,2010,2011,F,East Tennessee State,A-Sun,35,1194.0,222,473,175,345,47,128,135,171,60.0,179.0,239,66,29,15,81.0,626,12869
368,Mike Smith,SR,2019,2020,G,Columbia,Ivy,26,978.0,210,483,156,333,54,150,104,131,11.0,90.0,101,118,37,0,80.0,578,12869
369,Marquis Daniels,SR,2002,2003,G,Auburn,SEC,34,1187.0,244,476,214,378,30,98,107,159,63.0,147.0,210,113,78,8,102.0,625,9983
370,Ben Hansbrough,SR,2010,2011,G,Notre Dame,Big East,34,1202.0,194,405,107,205,87,200,150,184,25.0,106.0,131,145,41,4,81.0,625,10716
371,Devin Harris,JR,2003,2004,G,Wisconsin,Big Ten,32,1162.0,189,412,114,211,75,201,171,216,20.0,119.0,139,141,56,4,66.0,624,10756
372,Brandon Ingram,FR,2015,2016,G,Duke,ACC,36,1246.0,214,484,134,289,80,195,116,170,67.0,177.0,244,72,41,49,72.0,624,10996
373,Jarrod Uthoff,SR,2015,2016,F,Iowa,Big Ten,33,1016.0,218,487,152,314,66,173,122,150,48.0,161.0,209,36,32,86,38.0,624,13210
374,Tierre Brown,SR,2000,2001,G,McNeese State,Southland,31,1064.0,213,518,162,366,51,152,146,184,64.0,113.0,177,111,57,5,98.0,623,9619
375,Darius Johnson-Odom,SR,2011,2012,G,Marquette,Big East,34,1120.0,210,470,133,270,77,200,126,165,22.0,97.0,119,93,32,4,80.0,623,11153
376,Darius Johnson-Odom,JR,2010,2011,G,Marquette,Big East,37,1109.0,196,453,125,258,71,195,121,171,18.0,94.0,112,88,31,7,75.0,584,11153
377,Luther Head,SR,2004,2005,G,Illinois,Big Ten,39,1297.0,214,462,98,179,116,283,78,99,24.0,131.0,155,150,67,9,69.0,622,10806
378,Aaron Brooks,SR,2006,2007,G,Oregon,Pac-10,35,1289.0,213,463,133,265,80,198,115,136,31.0,118.0,149,149,48,6,89.0,621,9575
379,Jordan Hill,JR,2008,2009,F,Arizona,Pac-10,34,1213.0,252,469,252,469,0,0,117,179,143.0,232.0,375,50,30,58,97.0,621,10871
380,Jon Leuer,SR,2010,2011,F,Wisconsin,Big Ten,34,1139.0,227,483,173,337,54,146,113,134,57.0,189.0,246,56,17,30,54.0,621,11486
381,Tyler Zeller,SR,2011,2012,F,North Carolina,ACC,38,1070.0,220,398,220,398,0,0,181,224,146.0,219.0,365,36,34,58,73.0,621,13638
382,Tyler Zeller,JR,2010,2011,F,North Carolina,ACC,37,1041.0,211,384,211,384,0,0,161,212,107.0,161.0,268,23,27,45,50.0,583,13638
383,Donte Greene,FR,2007,2008,F,Syracuse,Big East,35,1253.0,218,521,128,260,90,261,94,133,60.0,191.0,251,71,45,57,91.0,620,10624
384,Jakob Poeltl,SO,2015,2016,F,Utah,Pac-12,36,1093.0,228,353,228,353,0,0,164,238,102.0,225.0,327,70,21,56,74.0,620,12322
385,Arron Afflalo,SO,2005,2006,G,UCLA,Pac-10,39,1303.0,203,439,120,212,83,227,129,160,32.0,132.0,164,69,24,5,79.0,618,9127
386,Arron Afflalo,JR,2006,2007,G,UCLA,Pac-10,36,1186.0,210,456,123,224,87,232,101,126,15.0,84.0,99,70,22,8,64.0,608,9127
387,Nick Calathes,SO,2008,2009,G,Florida,SEC,36,1200.0,205,425,132,238,73,187,135,191,31.0,161.0,192,231,68,6,119.0,618,9696
388,Nick Calathes,FR,2007,2008,G,Florida,SEC,36,1174.0,175,411,117,253,58,158,144,199,41.0,146.0,187,221,58,3,104.0,552,9696
389,Reggie Jackson,JR,2010,2011,G,Boston College,ACC,34,1161.0,219,435,148,266,71,169,109,137,35.0,111.0,146,152,36,18,81.0,618,11035
390,Nick Johnson,JR,2013,2014,G,Arizona,Pac-12,38,1257.0,205,474,143,305,62,169,146,187,31.0,123.0,154,107,43,25,64.0,618,11138
391,Isaiah Whitehead,SO,2015,2016,G,Seton Hall,Big East,34,1098.0,194,512,113,290,81,222,149,196,18.0,104.0,122,173,40,49,119.0,618,13416
392,John Brown,JR,2014,2015,F,High Point,Big South,32,995.0,242,440,242,434,0,6,133,176,101.0,91.0,192,39,39,33,53.0,617,9599
393,John Brown,SO,2013,2014,F,High Point,Big South,31,986.0,224,411,224,406,0,5,155,208,105.0,134.0,239,60,47,51,49.0,603,9599
394,John Brown,SR,2015,2016,F,High Point,Big South,28,830.0,212,352,211,351,1,1,124,177,91.0,108.0,199,62,48,49,48.0,549,9599
395,Josh Davis,JR,2012,2013,F,Tulane,CUSA,35,1250.0,207,421,206,419,1,2,202,282,143.0,231.0,374,61,28,30,92.0,617,10023
396,Ray McCallum,JR,2012,2013,G,Detroit Mercy,Horizon,33,1208.0,214,436,172,306,42,130,147,205,43.0,124.0,167,147,64,20,68.0,617,11700
397,Ray McCallum,SO,2011,2012,G,Detroit Mercy,Horizon,36,1213.0,192,419,162,294,30,125,141,184,37.0,126.0,163,143,57,7,80.0,555,11700
398,Carlos Arroyo,SR,2000,2001,G,Florida International,Sun Belt,29,1113.0,215,499,163,323,52,176,134,180,24.0,76.0,100,117,51,6,107.0,616,9234
399,Lazar Hayward,SR,2009,2010,F,Marquette,Big East,34,1097.0,222,514,157,328,65,186,107,127,72.0,184.0,256,52,64,18,67.0,616,10801
400,Lazar Hayward,JR,2008,2009,F,Marquette,Big East,35,1109.0,204,435,151,287,53,148,109,133,99.0,203.0,302,39,35,9,65.0,570,10801
401,Lamar Patterson,SR,2013,2014,G,Pittsburgh,ACC,36,1174.0,202,458,122,252,80,206,132,175,35.0,140.0,175,154,51,12,93.0,616,12225
402,John Wall,FR,2009,2010,G,Kentucky,SEC,37,1288.0,202,438,165,324,37,114,175,232,30.0,129.0,159,241,66,19,149.0,616,13294
403,Anthony Johnson,SR,2009,2010,G,Montana,Big Sky,32,1116.0,184,374,139,273,45,101,202,231,22.0,80.0,102,95,24,4,89.0,615,11091
404,Anthony Johnson,SR,2009,2010,F,Fairfield,MAAC,34,1039.0,208,404,208,401,0,3,130,207,158.0,176.0,334,17,41,82,63.0,546,11091
405,Mason Plumlee,SR,2012,2013,F,Duke,ACC,36,1248.0,221,369,221,369,0,0,173,254,98.0,260.0,358,70,36,52,103.0,615,12318
406,Terry Rozier,SO,2014,2015,G,Louisville,ACC,36,1260.0,214,521,166,364,48,157,139,176,43.0,157.0,200,108,72,6,79.0,615,12597
407,Derrick White,SR,2016,2017,G,Colorado,Pac-12,34,1116.0,205,404,148,260,57,144,148,182,35.0,104.0,139,148,42,49,81.0,615,13401
408,Lionel Chalmers,SR,2003,2004,G,Xavier,A-10,37,1293.0,204,454,103,207,101,247,105,148,17.0,105.0,122,117,40,1,103.0,614,9771
409,Jae Crowder,SR,2011,2012,F,Marquette,Big East,35,1153.0,217,436,156,259,61,177,119,162,70.0,224.0,294,73,88,35,44.0,614,9949
410,Acie Law,SR,2006,2007,G,Texas A&M,Big 12,34,1153.0,216,432,178,349,38,83,144,185,8.0,105.0,113,169,39,1,88.0,614,11442
411,K.J. McDaniels,JR,2013,2014,F,Clemson,ACC,36,1212.0,209,455,167,317,42,138,154,183,86.0,169.0,255,57,41,100,83.0,614,11735
412,Jawun Evans,SO,2016,2017,G,Oklahoma State,Big 12,32,936.0,211,482,175,387,36,95,155,191,24.0,86.0,110,204,57,4,90.0,613,10284
413,Jordan Clarkson,JR,2013,2014,G,Missouri,SEC,35,1228.0,209,467,177,353,32,114,162,195,28.0,106.0,134,118,38,6,93.0,612,9816
414,Dante Cunningham,SR,2008,2009,F,Villanova,Big East,38,1199.0,244,465,244,463,0,2,124,178,99.0,185.0,284,47,47,47,82.0,612,9955
415,E'Twaun Moore,SR,2010,2011,G,Purdue,Big Ten,34,1152.0,221,494,151,319,70,175,100,141,51.0,124.0,175,108,41,18,61.0,612,11914
416,E'Twaun Moore,JR,2009,2010,G,Purdue,Big Ten,35,1103.0,212,476,161,330,51,146,100,137,32.0,102.0,134,93,51,10,73.0,575,11914
417,Damion James,SR,2009,2010,F,Texas,Big 12,34,1029.0,210,419,174,325,36,94,155,230,107.0,243.0,350,33,57,40,69.0,611,11049
418,Damion James,JR,2008,2009,F,Texas,Big 12,35,1034.0,203,434,175,348,28,86,106,155,103.0,219.0,322,47,34,30,79.0,540,11049
419,Gerald Henderson,JR,2008,2009,G,Duke,ACC,37,1098.0,213,473,172,351,41,122,143,188,46.0,137.0,183,91,46,28,80.0,610,10818
420,Gerald Henderson,JR,2008,2009,G,Duke,ACC,37,1098.0,213,473,172,351,41,122,143,188,46.0,137.0,183,91,46,28,80.0,610,10819
421,Cory Higgins,SR,2010,2011,G,Colorado,Big 12,38,1222.0,200,461,164,355,36,106,174,201,31.0,93.0,124,94,37,14,80.0,610,10857
422,Cory Higgins,JR,2009,2010,G,Colorado,Big 12,31,1036.0,193,382,161,292,32,90,169,203,20.0,100.0,120,73,60,11,72.0,587,10857
423,Cory Higgins,SO,2008,2009,G,Colorado,Big 12,31,1146.0,165,347,133,258,32,89,176,212,18.0,149.0,167,80,59,11,87.0,538,10857
424,Elliot Williams,SO,2009,2010,G,Memphis,CUSA,34,1133.0,178,388,118,224,60,164,194,256,25.0,110.0,135,128,45,4,100.0,610,13470
425,Shelvin Mack,JR,2010,2011,G,Butler,Horizon,38,1219.0,201,493,114,247,87,246,120,156,27.0,143.0,170,131,30,3,93.0,609,11585
426,Patrick Patterson,SO,2008,2009,F,Kentucky,SEC,34,1147.0,240,398,240,397,0,1,129,168,92.0,224.0,316,67,21,70,66.0,609,12226
427,Patrick Patterson,JR,2009,2010,F,Kentucky,SEC,38,1255.0,215,374,191,305,24,69,90,130,116.0,167.0,283,36,27,51,41.0,544,12226
428,Quinton Ross,SR,2002,2003,G,Southern Methodist,WAC,30,1056.0,191,422,149,281,42,141,184,232,77.0,114.0,191,63,46,24,64.0,608,12579
429,Ben Uzoh,SO,2007,2008,G,Tulsa,CUSA,39,1258.0,208,426,153,269,55,157,137,170,64.0,148.0,212,88,39,29,92.0,608,13211
430,Joe Alexander,JR,2007,2008,G,West Virginia,Big East,36,1137.0,219,474,208,433,11,41,158,194,68.0,163.0,231,88,26,54,80.0,607,9147
431,Allen Crabbe,JR,2012,2013,G,University of California,Pac-12,33,1195.0,215,468,151,284,64,184,113,139,33.0,167.0,200,87,37,23,83.0,607,9921
432,JamesOn Curry,JR,2006,2007,G,Oklahoma State,Big 12,35,1295.0,202,447,114,233,88,214,115,145,15.0,96.0,111,131,41,11,109.0,607,9966
433,Yogi Ferrell,SR,2015,2016,G,Indiana,Big Ten,35,1215.0,196,428,117,240,79,188,136,164,34.0,99.0,133,195,38,1,88.0,607,10333
434,Yogi Ferrell,JR,2014,2015,G,Indiana,Big Ten,34,1186.0,181,412,99,215,82,197,111,129,21.0,89.0,110,166,24,1,65.0,555,10333
435,Yogi Ferrell,SO,2013,2014,G,Indiana,Big Ten,32,1083.0,169,409,81,189,88,220,126,153,9.0,86.0,95,125,24,1,84.0,552,10333
436,Matt Freije,SR,2003,2004,F,Vanderbilt,SEC,33,985.0,185,446,123,272,62,174,175,222,66.0,112.0,178,30,23,21,34.0,607,10420
437,Allan Ray,SO,2003,2004,G,Villanova,Big East,35,1216.0,203,463,116,241,87,222,114,144,21.0,114.0,135,96,33,7,89.0,607,12425
438,Allan Ray,SR,2005,2006,G,Villanova,Big East,32,1026.0,186,478,79,190,107,288,112,126,19.0,96.0,115,56,37,3,59.0,591,12425
439,Darius Songaila,SR,2001,2002,F,Wake Forest,ACC,34,1036.0,204,390,198,374,6,16,193,226,76.0,200.0,276,89,45,27,119.0,607,12901
440,Anthony Grundy,SR,2001,2002,G,North Carolina State,ACC,34,1102.0,219,451,172,315,47,136,121,158,53.0,133.0,186,120,70,5,75.0,606,10652
441,Josh Howard,SR,2002,2003,F,Wake Forest,ACC,31,1002.0,204,428,151,286,53,142,145,174,102.0,155.0,257,59,64,48,82.0,606,10944
442,Tyler Ulis,SO,2015,2016,G,Kentucky,SEC,35,1288.0,192,442,137,282,55,160,167,195,19.0,86.0,105,246,51,4,69.0,606,13206
443,Mike Dunleavy,JR,2001,2002,F,Duke,ACC,35,1133.0,218,451,130,218,88,233,81,119,45.0,206.0,251,72,80,26,61.0,605,10180
444,Mike Dunleavy,JR,2001,2002,F,Duke,ACC,35,1133.0,218,451,130,218,88,233,81,119,45.0,206.0,251,72,80,26,61.0,605,10181
445,Kenneth Faried,SR,2010,2011,F,Morehead State,OVC,35,1216.0,233,374,233,374,0,0,139,241,200.0,308.0,508,37,67,82,92.0,605,10300
446,Kenneth Faried,JR,2009,2010,F,Morehead State,OVC,35,1060.0,224,397,223,393,1,4,141,237,148.0,308.0,456,19,56,67,84.0,590,10300
447,Sean Lampley,SR,2000,2001,F,University of California,Pac-10,31,1073.0,209,416,202,383,7,33,180,244,46.0,178.0,224,102,29,14,112.0,605,11413
448,Kyle Korver,SR,2002,2003,F,Creighton,MVC,34,1082.0,183,391,54,122,129,269,109,120,46.0,171.0,217,104,50,23,68.0,604,11356
449,Donald Sloan,SR,2009,2010,G,Texas A&M,Big 12,34,1130.0,200,450,153,321,47,129,157,204,23.0,99.0,122,79,22,2,80.0,604,12820
450,Delonte West,JR,2003,2004,G,Saint Joseph's,A-10,32,1073.0,212,416,156,280,56,136,124,139,38.0,134.0,172,151,55,6,82.0,604,13384
451,Mike Wilks,SR,2000,2001,G,Rice,WAC,30,1114.0,190,434,134,289,56,145,168,215,45.0,102.0,147,90,59,8,76.0,604,13450
452,Dwayne Bacon,SO,2016,2017,G,Florida State,ACC,35,1008.0,221,489,164,318,57,171,104,138,35.0,112.0,147,61,35,4,71.0,603,9263
453,Jeremy Lamb,SO,2011,2012,G,Connecticut,Big East,34,1266.0,217,454,146,243,71,211,98,121,32.0,134.0,166,58,42,21,68.0,603,11408
454,Keith Langford,SO,2002,2003,G,Kansas,Big 12,38,1246.0,240,453,218,377,22,76,101,159,83.0,102.0,185,75,34,31,73.0,603,11422
455,Tim Frazier,JR,2011,2012,G,Penn State,Big Ten,32,1188.0,208,497,181,411,27,86,159,201,44.0,106.0,150,198,76,7,117.0,602,10410
456,Langston Galloway,SR,2013,2014,G,Saint Joseph's,A-10,34,1231.0,190,428,82,184,108,244,114,138,28.0,117.0,145,53,36,17,28.0,602,10450
457,Tarence Kinsey,SR,2005,2006,G,South Carolina,SEC,38,1321.0,209,461,138,272,71,189,113,134,54.0,120.0,174,88,61,13,78.0,602,11316
458,Ian Clark,SR,2012,2013,G,Belmont,OVC,33,1102.0,217,400,115,178,102,222,65,78,12.0,96.0,108,79,53,8,88.0,601,9812
459,De'Aaron Fox,FR,2016,2017,G,Kentucky,SEC,36,1064.0,214,447,197,378,17,69,156,212,21.0,122.0,143,165,53,7,87.0,601,10397
460,Marcus Georges-Hunt,SR,2015,2016,F,Georgia Tech,ACC,36,1167.0,178,392,138,275,40,117,205,249,32.0,90.0,122,119,31,16,73.0,601,10500
461,Draymond Green,SR,2011,2012,F,Michigan State,Big Ten,37,1229.0,212,472,160,338,52,134,125,173,79.0,315.0,394,141,54,35,112.0,601,10604
462,Jared Dudley,JR,2005,2006,F,Boston College,ACC,36,1340.0,198,401,165,307,33,94,171,241,96.0,143.0,239,115,41,12,70.0,600,10167
463,Jared Dudley,SR,2006,2007,F,Boston College,ACC,30,1152.0,195,347,156,259,39,88,142,191,91.0,157.0,248,90,42,10,78.0,571,10167
464,Brian Cook,SR,2002,2003,F,Illinois,Big Ten,30,940.0,202,422,175,333,27,89,168,205,44.0,183.0,227,60,20,13,83.0,599,9879
465,Cartier Martin,SR,2006,2007,F,Kansas State,Big 12,35,963.0,197,428,119,226,78,202,127,159,69.0,86.0,155,45,24,8,58.0,599,11652
466,Rashad McCants,SO,2003,2004,G,North Carolina,ACC,30,961.0,216,451,138,260,78,191,89,119,62.0,75.0,137,65,53,20,76.0,599,11704
467,Rashad McCants,FR,2002,2003,G,North Carolina,ACC,35,1046.0,215,438,143,264,72,174,92,132,58.0,104.0,162,51,49,19,81.0,594,11704
468,Julius Randle,FR,2013,2014,F,Kentucky,SEC,40,1233.0,196,391,193,373,3,18,204,289,139.0,277.0,416,57,20,31,101.0,599,12410
469,Quinn Cook,SR,2014,2015,G,Duke,ACC,39,1396.0,199,439,97,181,102,258,98,110,15.0,116.0,131,103,39,1,47.0,598,9885
470,Brandon Paul,SR,2012,2013,G,Illinois,Big Ten,36,1153.0,184,459,106,219,78,240,152,206,22.0,135.0,157,98,44,23,96.0,598,12231
471,Derrick Rose,FR,2007,2008,G,Memphis,CUSA,40,1168.0,208,436,173,332,35,104,146,205,54.0,127.0,181,189,48,15,107.0,597,12571
472,Andrew Wiggins,FR,2013,2014,G,Kansas,Big 12,35,1148.0,189,422,146,296,43,126,176,227,76.0,129.0,205,54,41,34,80.0,597,13429
473,Marcus Paige,SO,2013,2014,G,North Carolina,ACC,34,1211.0,191,434,105,213,86,221,128,146,18.0,91.0,109,143,51,7,73.0,596,12188
474,Alan Williams,JR,2013,2014,C,UC-Santa Barbara,Big West,28,872.0,224,420,224,420,0,0,148,216,106.0,216.0,322,33,33,67,59.0,596,13453
475,Francisco Garcia,JR,2004,2005,F,Louisville,CUSA,38,1211.0,187,428,116,234,71,194,150,171,45.0,113.0,158,148,65,56,104.0,595,10457
476,Jonathan Gibson,SR,2009,2010,G,New Mexico State,WAC,34,1109.0,197,441,91,180,106,261,95,112,17.0,81.0,98,95,47,2,73.0,595,10510
477,Terrence Jones,FR,2010,2011,F,Kentucky,SEC,38,1196.0,206,466,180,387,26,79,157,243,92.0,244.0,336,60,43,72,75.0,595,11206
478,Denzel Valentine,SR,2015,2016,G,Michigan State,Big Ten,31,1022.0,205,444,101,210,104,234,81,95,25.0,208.0,233,241,32,7,85.0,595,13215
479,Denzel Valentine,JR,2014,2015,G,Michigan State,Big Ten,39,1295.0,197,445,95,200,102,245,71,86,46.0,199.0,245,167,35,9,92.0,567,13215
480,P.J. Tucker,JR,2005,2006,F,Texas,Big 12,37,1276.0,225,437,223,434,2,3,142,190,105.0,248.0,353,106,66,13,115.0,594,13176
481,Cody Zeller,SO,2012,2013,F,Indiana,Big Ten,36,1062.0,199,353,199,351,0,2,196,259,101.0,188.0,289,47,37,45,81.0,594,13633
482,Cody Zeller,FR,2011,2012,F,Indiana,Big Ten,36,1025.0,200,321,200,321,0,0,163,216,87.0,149.0,236,45,49,42,60.0,563,13633
483,Maurice Baker,JR,2000,2001,G,Oklahoma State,Big 12,30,1121.0,200,381,136,224,64,157,129,160,74.0,128.0,202,127,61,4,125.0,593,9276
484,Isaiah Thomas,SO,2009,2010,G,Washington,Pac-10,35,1089.0,186,448,121,249,65,199,156,213,20.0,117.0,137,111,37,3,83.0,593,13079
485,Isaiah Thomas,JR,2010,2011,G,Washington,Pac-10,35,1115.0,188,422,128,250,60,172,151,210,26.0,97.0,123,213,47,2,104.0,587,13079
486,Isaiah Thomas,FR,2008,2009,G,Washington,Pac-10,35,993.0,180,431,141,297,39,134,142,207,24.0,82.0,106,91,38,2,92.0,541,13079
487,Tristan Thompson,SR,2010,2011,G,North Texas,Sun Belt,33,1056.0,158,344,92,186,66,158,211,253,16.0,89.0,105,59,24,4,74.0,593,13114
488,Jerryd Bayless,FR,2007,2008,G,Arizona,Pac-10,30,1072.0,173,378,114,233,59,145,187,223,13.0,69.0,82,121,29,3,89.0,592,9346
489,Zabian Dowdell,SR,2006,2007,G,Virginia Tech,ACC,34,1148.0,197,426,153,312,44,114,154,191,27.0,95.0,122,106,71,7,67.0,592,10145
490,Kentavious Caldwell-Pope,SO,2012,2013,G,Georgia,SEC,32,1086.0,186,430,102,205,84,225,135,169,37.0,189.0,226,58,65,17,64.0,591,9701
491,Cleanthony Early,SR,2013,2014,F,Wichita State,MVC,36,986.0,187,386,121,209,66,177,151,179,48.0,165.0,213,27,29,28,70.0,591,10201
492,Cleanthony Early,JR,2012,2013,F,Wichita State,MVC,39,979.0,184,404,137,256,47,148,129,163,89.0,123.0,212,23,29,35,61.0,544,10201
493,Norman Powell,SR,2014,2015,G,UCLA,Pac-12,36,1244.0,213,467,175,348,38,119,127,169,21.0,148.0,169,75,66,16,80.0,591,12352
494,Will Solomon,JR,2000,2001,G,Clemson,ACC,30,998.0,183,461,88,209,95,252,130,165,17.0,69.0,86,102,42,9,123.0,591,12899
495,Casper Ware,SR,2011,2012,G,Cal State Long Beach,Big West,34,1146.0,189,471,95,207,94,264,119,150,13.0,69.0,82,114,46,3,81.0,591,13317
496,Casper Ware,JR,2010,2011,G,Cal State Long Beach,Big West,34,1187.0,172,408,97,211,75,197,166,205,16.0,68.0,84,150,56,6,102.0,585,13317
497,Manny Harris,SO,2008,2009,G,Michigan,Big Ten,35,1152.0,181,436,129,277,52,159,176,204,62.0,175.0,237,154,43,18,110.0,590,10761
498,Manny Harris,JR,2009,2010,G,Michigan,Big Ten,31,1120.0,181,430,133,274,48,156,152,190,57.0,130.0,187,126,56,11,88.0,562,10761
499,Ronnie Brewer,JR,2005,2006,G,Arkansas,SEC,32,1112.0,197,447,146,296,51,151,144,192,39.0,115.0,154,104,83,15,70.0,589,9555
500,Robert Covington,JR,2011,2012,F,Tennessee State,OVC,33,1028.0,212,403,147,258,65,145,100,129,95.0,165.0,260,43,51,45,77.0,589,9916
501,Ben McLemore,FR,2012,2013,G,Kansas,Big 12,37,1191.0,198,400,125,226,73,174,120,138,47.0,145.0,192,73,37,25,77.0,589,11777
502,Johnathan Motley,JR,2016,2017,F,Baylor,Big 12,34,1036.0,226,434,217,401,9,33,128,183,126.0,209.0,335,79,12,37,100.0,589,11952
503,Derrick Walton,SR,2016,2017,G,Michigan,Big Ten,38,1323.0,171,392,73,160,98,232,149,170,17.0,165.0,182,189,43,1,66.0,589,13309
504,Steven Smith,JR,2004,2005,F,La Salle,A-10,29,1153.0,206,481,172,365,34,116,142,176,86.0,160.0,246,60,47,23,122.0,588,12881
505,Steven Smith,SR,2005,2006,F,La Salle,A-10,28,1009.0,208,428,182,351,26,77,109,141,58.0,162.0,220,69,32,23,100.0,551,12881
506,Ryan Humphrey,SR,2001,2002,F,Notre Dame,Big East,31,1103.0,231,472,228,466,3,6,122,204,115.0,222.0,337,80,33,87,77.0,587,10965
507,C.J. Wilcox,SR,2013,2014,G,Washington,Pac-12,32,1116.0,197,435,107,205,90,230,103,118,22.0,97.0,119,81,32,32,54.0,587,13432
508,C.J. Wilcox,JR,2012,2013,G,Washington,Pac-12,34,1184.0,201,480,126,275,75,205,93,114,40.0,106.0,146,65,37,36,63.0,570,13432
509,Mike Williams,SR,2003,2004,F,Western Michigan,MAC,31,888.0,228,427,227,422,1,5,130,169,79.0,139.0,218,37,60,35,53.0,587,13498
510,Guillermo Diaz,JR,2005,2006,G,Miami (FL),ACC,34,1196.0,194,467,116,253,78,214,120,152,17.0,83.0,100,97,39,7,67.0,586,10091
511,Guillermo Diaz,SO,2004,2005,G,Miami (FL),ACC,29,996.0,190,417,129,249,61,168,97,137,31.0,95.0,126,76,44,9,70.0,538,10091
512,Jerome Dyson,SR,2009,2010,G,Connecticut,Big East,34,1143.0,195,499,155,362,40,137,156,218,33.0,113.0,146,144,44,21,132.0,586,10196
513,Gary Harris,SO,2013,2014,G,Michigan State,Big Ten,35,1131.0,195,455,114,225,81,230,115,142,37.0,103.0,140,94,63,15,60.0,586,10758
514,Shannon Brown,JR,2005,2006,G,Michigan State,Big Ten,34,1196.0,202,433,138,269,64,164,117,141,38.0,112.0,150,93,50,5,85.0,585,9616
515,Joey Graham,SR,2004,2005,F,Oklahoma State,Big 12,33,1009.0,201,380,175,325,26,55,157,177,53.0,151.0,204,67,30,5,88.0,585,10567
516,Andre Owens,SR,2004,2005,G,Houston,CUSA,32,1114.0,195,485,95,205,100,280,95,132,46.0,109.0,155,67,42,5,61.0,585,12170
517,Markel Brown,SR,2013,2014,G,Oklahoma State,Big 12,34,1201.0,190,402,135,257,55,145,149,194,36.0,143.0,179,99,34,35,55.0,584,9607
518,Travis Diener,JR,2003,2004,G,Marquette,CUSA,31,1060.0,179,424,89,224,90,200,136,154,21.0,76.0,97,187,41,0,74.0,584,10100
519,Channing Frye,SR,2004,2005,C,Arizona,Pac-10,37,1148.0,227,410,224,393,3,17,127,153,104.0,178.0,282,72,35,85,64.0,584,10425
520,Juwan Howard,JR,2013,2014,F,Detroit Mercy,Horizon,32,1105.0,216,515,163,361,53,154,99,118,57.0,113.0,170,71,31,15,62.0,584,10945
521,Juwan Howard,SR,2014,2015,F,Detroit Mercy,Horizon,33,1042.0,208,479,144,322,64,157,96,113,35.0,100.0,135,78,31,10,69.0,576,10945
522,John Lucas,SR,2004,2005,G,Oklahoma State,Big 12,33,1192.0,204,452,104,220,100,232,76,84,19.0,63.0,82,135,36,1,53.0,584,11558
523,Jeff Teague,SO,2008,2009,G,Wake Forest,ACC,31,991.0,180,371,135,269,45,102,179,219,15.0,87.0,102,110,58,20,104.0,584,13052
524,Darius Washington,FR,2004,2005,G,Memphis,CUSA,38,1334.0,193,420,146,301,47,119,151,206,37.0,101.0,138,144,63,3,134.0,584,13330
525,Dahntay Jones,SR,2002,2003,F,Duke,ACC,33,1014.0,198,421,151,303,47,118,140,187,46.0,134.0,180,29,38,18,63.0,583,11170
526,Gilbert Arenas,SO,2000,2001,G,Arizona,Pac-10,36,1044.0,208,434,139,268,69,166,97,134,29.0,102.0,131,84,65,7,101.0,582,9220
527,Jamel Artis,SR,2016,2017,F,Pittsburgh,ACC,32,1097.0,196,413,122,224,74,189,116,158,40.0,116.0,156,106,13,9,83.0,582,9237
528,Jimmy Butler,SR,2010,2011,G,Marquette,Big East,37,1282.0,187,382,167,324,20,58,188,240,90.0,135.0,225,86,53,13,54.0,582,9678
529,Wesley Person,SR,2017,2018,G,Troy,Sun Belt,33,1123.0,174,416,77,160,97,256,137,167,21.0,75.0,96,59,24,1,61.0,582,12276
530,Wesley Person,JR,2016,2017,G,Troy,Sun Belt,37,1160.0,164,378,70,143,94,235,126,154,20.0,76.0,96,58,21,2,49.0,548,12276
531,Nikola Vucevic,JR,2010,2011,F,Southern California,Pac-10,34,1187.0,215,426,186,343,29,83,123,163,97.0,253.0,350,54,18,47,58.0,582,13266
532,Ty Lawson,JR,2008,2009,G,North Carolina,ACC,35,1048.0,182,342,131,234,51,108,166,208,23.0,81.0,104,230,75,5,66.0,581,11446
533,Jeffery Taylor,SR,2011,2012,F,Vanderbilt,SEC,36,1157.0,210,426,144,270,66,156,95,157,77.0,123.0,200,62,46,16,79.0,581,13041
534,Mike Brown,SR,2015,2016,G,Western Carolina,Southern,34,1167.0,188,466,144,328,44,138,159,198,75.0,125.0,200,110,52,12,108.0,579,9608
535,Markelle Fultz,FR,2016,2017,G,Washington,Pac-12,25,892.0,209,439,157,313,52,126,109,168,33.0,110.0,143,148,40,30,80.0,579,10434
536,Xavier Silas,SR,2010,2011,G,Northern Illinois,MAC,26,831.0,178,388,126,262,52,126,171,201,21.0,98.0,119,48,31,7,103.0,579,12779
537,Semaj Christon,SO,2013,2014,G,Xavier,Big East,34,1200.0,201,420,182,371,19,49,157,235,15.0,76.0,91,142,45,8,89.0,578,9805
538,Paul Davis,SR,2005,2006,C,Michigan State,Big Ten,33,1018.0,206,364,200,345,6,19,160,184,87.0,214.0,301,54,34,29,81.0,578,10032
539,Reggie Johnson,SR,2015,2016,G,Hampton,MEAC,32,1153.0,192,519,138,334,54,185,140,194,39.0,77.0,116,129,53,3,90.0,578,11142
540,Kalin Lucas,SR,2010,2011,G,Michigan State,Big Ten,34,1136.0,194,453,141,317,53,136,137,167,16.0,57.0,73,114,35,2,87.0,578,11559
541,Kalin Lucas,SO,2008,2009,G,Michigan State,Big Ten,38,1213.0,173,438,132,333,41,105,172,213,26.0,54.0,80,176,39,6,84.0,559,11559
542,Keith Bogans,SO,2000,2001,G,Kentucky,SEC,34,1050.0,210,444,136,239,74,205,83,119,65.0,93.0,158,80,34,8,89.0,577,9463
543,Keith Bogans,SR,2002,2003,G,Kentucky,SEC,36,1068.0,194,425,114,216,80,209,96,130,41.0,97.0,138,98,42,4,78.0,564,9463
544,Derrick Byars,SR,2006,2007,G,Vanderbilt,SEC,34,1068.0,206,451,127,239,79,212,86,121,52.0,113.0,165,116,48,4,80.0,577,9683
545,Julius Hodge,SR,2004,2005,G,North Carolina State,ACC,34,1177.0,197,400,183,345,14,55,169,253,85.0,140.0,225,162,48,24,89.0,577,10887
546,Julius Hodge,JR,2003,2004,G,North Carolina State,ACC,31,1081.0,189,373,163,301,26,72,159,192,55.0,143.0,198,112,43,25,95.0,563,10887
547,Julius Hodge,SO,2002,2003,G,North Carolina State,ACC,31,1093.0,164,374,123,249,41,125,179,219,52.0,138.0,190,109,39,23,87.0,548,10887
548,Edwin Ubiles,SO,2007,2008,F,Siena,MAAC,34,1130.0,231,439,197,358,34,81,81,115,47.0,101.0,148,57,41,33,55.0,577,13201
549,Lauri Markkanen,FR,2016,2017,F,Arizona,Pac-12,37,1140.0,185,376,116,213,69,163,137,164,88.0,178.0,266,32,15,19,40.0,576,11637
550,DeMarcus Cousins,FR,2009,2010,F,Kentucky,SEC,38,893.0,206,369,205,363,1,6,162,268,154.0,220.0,374,38,37,67,78.0,575,9914
551,Paul Graham,SR,2008,2009,G,Florida Atlantic,Sun Belt,31,1071.0,196,503,130,306,66,197,117,141,26.0,94.0,120,62,20,3,64.0,575,10570
552,Monte Morris,SR,2016,2017,G,Iowa State,Big 12,35,1237.0,216,465,162,322,54,143,89,111,40.0,129.0,169,217,53,10,42.0,575,11937
553,Tayshaun Prince,JR,2000,2001,F,Kentucky,SEC,34,1117.0,207,418,143,239,64,179,97,115,56.0,165.0,221,99,24,37,58.0,575,12371
554,Tayshaun Prince,SR,2001,2002,F,Kentucky,SEC,32,1067.0,206,441,141,250,65,191,83,118,67.0,135.0,202,52,34,43,64.0,560,12371
555,Mike Scott,SR,2011,2012,F,Virginia,ACC,32,999.0,215,382,209,362,6,20,139,172,70.0,195.0,265,37,21,15,67.0,575,12703
556,D.J. White,SR,2007,2008,F,Indiana,Big Ten,33,1105.0,216,357,215,354,1,3,142,206,100.0,241.0,341,25,26,54,63.0,575,13400
557,Nate Robinson,JR,2004,2005,G,Washington,Pac-10,35,1101.0,188,406,126,245,62,161,136,174,53.0,82.0,135,149,61,6,71.0,574,12536
558,Terrence Ross,SO,2011,2012,G,Washington,Pac-12,35,1088.0,215,470,143,276,72,194,72,94,48.0,177.0,225,49,44,33,70.0,574,12580
559,Robbie Hummel,SR,2011,2012,F,Purdue,Big Ten,35,1128.0,194,465,122,277,72,188,113,137,55.0,196.0,251,66,23,42,32.0,573,10963
560,James Young,FR,2013,2014,G,Kentucky,SEC,40,1296.0,183,450,101,215,82,235,125,177,41.0,130.0,171,67,30,8,75.0,573,13621
561,Gordon Hayward,SO,2009,2010,F,Butler,Horizon,37,1239.0,173,373,126,213,47,160,179,216,72.0,233.0,305,62,40,30,85.0,572,10800
562,Josh Jackson,FR,2016,2017,G,Kansas,Big 12,35,1077.0,220,429,186,339,34,90,98,173,81.0,177.0,258,104,59,37,97.0,572,11021
563,Shabazz Muhammad,FR,2012,2013,G,UCLA,Pac-12,32,987.0,202,456,162,350,40,106,128,180,87.0,80.0,167,27,23,4,51.0,572,11961
564,Kyle O'Quinn,SR,2011,2012,C,Norfolk State,MEAC,36,1125.0,205,358,199,326,6,32,156,224,114.0,258.0,372,51,25,97,95.0,572,12118
565,Tyler Dorsey,SO,2016,2017,G,Oregon,Pac-12,39,1169.0,189,405,101,197,88,208,105,139,33.0,102.0,135,67,30,4,59.0,571,10134
566,Kelly Olynyk,JR,2012,2013,F,Gonzaga,WCC,32,845.0,215,342,206,312,9,30,132,170,77.0,158.0,235,55,22,36,77.0,571,12150
567,Joe Harris,JR,2012,2013,G,Virginia,ACC,35,1139.0,191,408,114,227,77,181,111,150,30.0,111.0,141,76,31,17,70.0,570,10759
568,Torrey Craig,JR,2012,2013,F,South Carolina Upstate,A-Sun,33,1022.0,194,454,116,240,78,214,103,144,62.0,166.0,228,63,33,25,88.0,569,9922
569,Torrey Craig,SR,2013,2014,F,South Carolina Upstate,A-Sun,34,1113.0,204,500,136,267,68,233,93,151,67.0,170.0,237,77,31,28,84.0,569,9922
570,Torrey Craig,SO,2011,2012,F,South Carolina Upstate,A-Sun,34,1010.0,194,446,111,208,83,238,88,129,80.0,183.0,263,52,45,37,92.0,559,9922
571,Wayne Simien,JR,2003,2004,F,Kansas,Big 12,32,1045.0,200,376,198,365,2,11,167,206,98.0,199.0,297,39,28,30,71.0,569,12782
572,Jon Brockman,JR,2007,2008,F,Washington,Pac-10,32,1009.0,237,442,237,442,0,0,94,181,141.0,229.0,370,35,21,8,76.0,568,9569
573,Kyle Collinsworth,SR,2015,2016,G,Brigham Young,WCC,37,1249.0,206,444,197,407,9,37,146,224,86.0,217.0,303,275,74,20,126.0,567,9854
574,Anthony Davis,FR,2011,2012,F,Kentucky,SEC,40,1281.0,210,337,207,317,3,20,144,203,119.0,296.0,415,50,54,186,41.0,567,10002
575,Tamar Slay,SR,2001,2002,G,Marshall,MAC,30,1031.0,196,439,116,248,80,191,95,130,38.0,123.0,161,72,49,16,89.0,567,12819
576,Frank Williams,JR,2001,2002,G,Illinois,Big Ten,35,1135.0,174,443,120,284,54,159,164,203,32.0,131.0,163,153,71,10,96.0,566,13473
577,Joel Bolomboy,SR,2015,2016,F,Weber State,Big Sky,33,1041.0,193,337,173,282,20,55,159,228,109.0,306.0,415,35,23,40,78.0,565,9471
578,Danny Granger,SR,2004,2005,F,New Mexico,MWC,30,900.0,183,349,138,245,45,104,154,204,69.0,197.0,266,71,63,60,72.0,565,10575
579,Anthony Bennett,FR,2012,2013,F,Nevada-Las Vegas,MWC,35,950.0,202,379,166,283,36,96,124,177,86.0,199.0,285,34,24,43,65.0,564,9390
580,Tony Mitchell,SO,2010,2011,F,Alabama,SEC,37,1167.0,228,437,197,339,31,98,77,117,97.0,164.0,261,49,59,41,64.0,564,11887
581,Tony Mitchell,SO,2010,2011,F,Alabama,SEC,37,1167.0,228,437,197,339,31,98,77,117,97.0,164.0,261,49,59,41,64.0,564,11888
582,Danuel House,SR,2015,2016,G,Texas A&M,SEC,36,1114.0,185,467,110,224,75,243,118,165,39.0,132.0,171,77,19,11,64.0,563,10936
583,Desmon Farmer,JR,2002,2003,G,Southern California,Pac-10,30,978.0,182,454,119,259,63,195,135,163,64.0,79.0,143,54,27,2,66.0,562,10303
584,Desmon Farmer,SR,2003,2004,G,Southern California,Pac-10,28,987.0,170,437,87,188,83,249,121,159,36.0,92.0,128,51,34,4,72.0,544,10303
585,Rodney Hood,SO,2013,2014,F,Duke,ACC,35,1150.0,191,412,120,243,71,169,109,135,29.0,109.0,138,75,25,9,54.0,562,10917
586,Tony Allen,SR,2003,2004,G,Oklahoma State,Big 12,35,1107.0,204,405,182,331,22,74,131,194,63.0,130.0,193,109,72,30,98.0,561,9160
587,Lonny Baxter,JR,2000,2001,C,Maryland,ACC,36,935.0,219,387,218,385,1,2,122,206,101.0,185.0,286,19,31,55,56.0,561,9345
588,Henry Ellenson,FR,2015,2016,F,Marquette,Big East,33,1107.0,194,435,164,331,30,104,143,191,71.0,250.0,321,59,28,49,78.0,561,10239
589,Anthony Roberson,JR,2004,2005,G,Florida,SEC,30,951.0,193,423,99,181,94,242,81,90,13.0,52.0,65,77,22,3,56.0,561,12507
590,Anthony Roberson,SO,2003,2004,G,Florida,SEC,30,937.0,180,390,81,157,99,233,79,92,17.0,72.0,89,108,34,3,66.0,538,12507
591,Elston Turner,SR,2012,2013,G,Texas A&M,SEC,32,1139.0,199,467,125,262,74,205,89,105,14.0,82.0,96,74,31,7,59.0,561,13183
592,Vincent Yarbrough,SR,2001,2002,F,Tennessee,SEC,31,1097.0,194,457,134,290,60,167,112,163,70.0,164.0,234,87,58,25,93.0,560,13614
593,Damone Brown,SR,2000,2001,F,Syracuse,Big East,34,1242.0,215,437,211,423,4,14,125,158,109.0,191.0,300,56,58,48,69.0,559,9586
594,Tony Wroten,FR,2011,2012,G,Washington,Pac-12,35,1062.0,198,447,189,391,9,56,154,264,80.0,96.0,176,130,66,13,132.0,559,13610
595,Luol Deng,FR,2003,2004,F,Duke,ACC,37,1149.0,210,441,170,330,40,111,98,138,82.0,173.0,255,68,49,39,83.0,558,10076
596,Robert Hite,SR,2005,2006,G,Miami (FL),ACC,34,1127.0,201,446,116,239,85,207,71,87,46.0,152.0,198,48,50,10,55.0,558,10884
597,Randy Holcomb,SR,2001,2002,F,San Diego State,MWC,33,1067.0,220,426,208,386,12,40,106,167,88.0,208.0,296,57,24,32,116.0,558,10895
598,Jarell Martin,SO,2014,2015,F,Louisiana State,SEC,33,1159.0,202,397,188,345,14,52,140,203,98.0,207.0,305,59,38,23,92.0,558,11658
599,Jarnell Stokes,JR,2013,2014,F,Tennessee,SEC,37,1199.0,199,375,199,375,0,0,160,230,155.0,237.0,392,75,26,34,77.0,558,12968
600,Jamaal Franklin,SO,2011,2012,G,San Diego State,MWC,32,969.0,173,400,122,243,51,157,160,200,57.0,195.0,252,47,31,20,95.0,557,10407
601,Jamaal Franklin,JR,2012,2013,G,San Diego State,MWC,32,1058.0,165,401,125,254,40,147,171,219,56.0,248.0,304,105,51,26,110.0,541,10407
602,Kawhi Leonard,SO,2010,2011,F,San Diego State,MWC,36,1172.0,211,475,186,389,25,86,110,145,111.0,269.0,380,91,51,21,76.0,557,11479
603,Marcus Smart,SO,2013,2014,G,Oklahoma State,Big 12,31,1014.0,163,386,114,222,49,164,182,250,44.0,139.0,183,148,89,18,82.0,557,12825
604,Jordan Williams,SO,2010,2011,F,Maryland,ACC,33,1073.0,213,396,213,396,0,0,131,228,121.0,267.0,388,21,23,45,53.0,557,13487
605,Devin Brown,JR,2000,2001,G,Texas-San Antonio,Southland,28,906.0,186,436,141,279,45,157,139,193,62.0,150.0,212,71,47,9,88.0,556,9591
606,Sam Dekker,JR,2014,2015,F,Wisconsin,Big Ten,40,1239.0,213,406,163,255,50,151,80,113,77.0,143.0,220,49,21,18,36.0,556,10064
607,Damyean Dotson,SR,2016,2017,G,Houston,AAC,32,1098.0,202,430,94,186,108,244,44,53,49.0,173.0,222,36,29,5,33.0,556,10135
608,Tyler Johnson,SR,2013,2014,G,Fresno State,MWC,35,1177.0,196,409,139,277,57,132,107,133,56.0,200.0,256,103,36,13,47.0,556,11150
609,LaMarcus Aldridge,SO,2005,2006,F,Texas,Big 12,37,1247.0,219,385,219,385,0,0,117,181,135.0,204.0,339,20,50,73,59.0,555,9141
610,Darington Hobson,JR,2009,2010,F,New Mexico,MWC,35,1175.0,193,439,154,331,39,108,130,199,74.0,250.0,324,160,44,15,104.0,555,10885
611,Eric Williams,SR,2005,2006,C,Wake Forest,ACC,34,1107.0,223,360,223,360,0,0,109,221,107.0,194.0,301,34,44,37,77.0,555,13471
612,Matthew Dellavedova,SR,2012,2013,G,Saint Mary's (CA),WCC,35,1273.0,170,421,84,196,86,225,127,149,23.0,95.0,118,223,40,4,99.0,553,10070
613,Diante Garrett,SR,2010,2011,G,Iowa State,Big 12,32,1175.0,214,518,155,333,59,185,66,80,12.0,107.0,119,195,55,7,106.0,553,10475
614,Treveon Graham,JR,2013,2014,G,Virginia Commonwealth,A-10,35,989.0,185,423,127,251,58,172,125,180,69.0,176.0,245,70,32,6,63.0,553,10572
615,Treveon Graham,SO,2012,2013,G,Virginia Commonwealth,A-10,36,995.0,186,413,134,271,52,142,120,164,99.0,110.0,209,56,32,5,56.0,544,10572
616,Demetrius Jackson,JR,2015,2016,G,Notre Dame,ACC,35,1259.0,193,428,139,265,54,163,113,139,31.0,90.0,121,164,43,10,76.0,553,11016
617,Leon Powe,SO,2005,2006,F,University of California,Pac-10,27,953.0,178,359,175,350,3,9,194,270,89.0,184.0,273,38,24,15,66.0,553,12347
618,Antoine Wright,JR,2004,2005,F,Texas A&M,Big 12,31,1052.0,193,385,122,226,71,159,96,139,51.0,134.0,185,69,36,22,75.0,553,13592
619,Rafael Araujo,SR,2003,2004,C,Brigham Young,MWC,30,895.0,211,368,203,338,8,30,122,169,87.0,216.0,303,37,43,25,87.0,552,9214
620,Gian Clavell,SR,2016,2017,G,Colorado State,MWC,27,987.0,193,449,115,247,78,202,88,127,37.0,133.0,170,47,53,20,53.0,552,9817
621,Ronald Dupree,JR,2001,2002,F,Louisiana State,SEC,34,1203.0,220,487,189,379,31,108,81,145,94.0,196.0,290,73,35,22,107.0,552,10185
622,Tim Hardaway,JR,2012,2013,G,Michigan,Big Ten,38,1324.0,201,460,128,265,73,195,77,111,9.0,168.0,177,93,26,17,71.0,552,10726
623,Tim Hardaway,JR,2012,2013,G,Michigan,Big Ten,38,1324.0,201,460,128,265,73,195,77,111,9.0,168.0,177,93,26,17,71.0,552,10727
624,Joakim Noah,SO,2005,2006,C,Florida,SEC,39,972.0,202,322,202,321,0,1,148,202,85.0,193.0,278,80,44,95,76.0,552,12066
625,Thomas Gardner,JR,2005,2006,G,Missouri,Big 12,28,957.0,186,434,92,197,94,237,85,118,31.0,59.0,90,45,27,0,92.0,551,10461
626,Jason Kapono,SO,2000,2001,F,UCLA,Pac-10,32,1122.0,167,379,83,195,84,184,133,153,54.0,129.0,183,72,38,4,81.0,551,11239
627,DeJuan Blair,SO,2008,2009,F,Pittsburgh,Big East,35,955.0,226,381,226,381,0,0,98,162,195.0,237.0,432,42,54,34,44.0,550,9442
628,Antonius Cleveland,SR,2016,2017,G,Southeast Missouri State,OVC,33,1086.0,208,383,180,310,28,73,105,159,28.0,141.0,169,73,47,30,66.0,549,9825
629,Montrezl Harrell,JR,2014,2015,F,Louisville,ACC,35,1229.0,213,376,204,339,9,37,114,191,111.0,210.0,321,49,33,42,69.0,549,10745
630,Aaron Harrison,FR,2013,2014,G,Kentucky,SEC,40,1303.0,174,411,112,237,62,174,139,176,25.0,93.0,118,74,43,12,65.0,549,10767
631,Doron Lamb,SO,2011,2012,G,Kentucky,SEC,40,1249.0,175,369,99,206,76,163,123,149,15.0,93.0,108,60,19,2,44.0,549,11407
632,Greg Monroe,SO,2009,2010,C,Georgetown,Big East,34,1164.0,202,385,195,358,7,27,138,209,74.0,254.0,328,128,42,52,112.0,549,11906
633,Trey Thompkins,SO,2009,2010,F,Georgia,SEC,31,962.0,207,429,184,368,23,61,112,147,65.0,193.0,258,60,30,36,91.0,549,13095
634,Mike James,SR,2011,2012,G,Lamar,Southland,32,995.0,211,466,172,346,39,120,87,108,30.0,72.0,102,63,50,4,66.0,548,11054
635,Mike James,SR,2011,2012,G,Lamar,Southland,32,995.0,211,466,172,346,39,120,87,108,30.0,72.0,102,63,50,4,66.0,548,11055
636,Dejounte Murray,FR,2015,2016,G,Washington,Pac-12,34,1139.0,202,486,168,368,34,118,110,166,48.0,155.0,203,151,62,10,110.0,548,11983
637,Anthony Brown,SR,2014,2015,G,Stanford,Pac-12,37,1320.0,176,408,97,229,79,179,116,146,42.0,214.0,256,94,28,7,72.0,547,9582
638,Rodney McGruder,SR,2012,2013,G,Kansas State,Big 12,35,1171.0,204,462,153,310,51,152,88,117,74.0,114.0,188,71,44,9,58.0,547,11756
639,Elijah Millsap,JR,2009,2010,G,Alabama-Birmingham,CUSA,34,1124.0,182,418,163,339,19,79,164,236,92.0,232.0,324,60,56,11,118.0,547,11870
640,Bradley Beal,FR,2011,2012,G,Florida,SEC,37,1267.0,175,393,112,207,63,186,133,173,50.0,199.0,249,83,51,31,79.0,546,9353
641,Bobby Brown,SR,2006,2007,G,Cal State Fullerton,Big West,27,933.0,188,402,108,196,80,206,90,114,16.0,56.0,72,138,35,3,96.0,546,9584
642,Bobby Brown,SO,2004,2005,G,Cal State Fullerton,Big West,32,1149.0,193,466,108,222,85,244,67,81,11.0,72.0,83,149,42,3,105.0,538,9584
643,Patrick Christopher,SR,2009,2010,G,University of California,Pac-10,35,1209.0,204,457,146,285,58,172,80,93,50.0,140.0,190,71,56,3,50.0,546,9806
644,Brandin Knight,JR,2001,2002,G,Pittsburgh,Big East,35,1284.0,194,454,101,193,93,261,65,147,27.0,140.0,167,251,82,16,112.0,546,11335
645,Randolph Morris,JR,2006,2007,C,Kentucky,SEC,34,937.0,202,341,202,341,0,0,142,208,67.0,197.0,264,37,26,70,74.0,546,11938
646,James Ennis,SR,2012,2013,G,Cal State Long Beach,Big West,33,1093.0,182,371,127,217,55,154,126,151,65.0,156.0,221,70,58,43,99.0,545,10270
647,Predrag Savovic,JR,2000,2001,G,Hawaii,WAC,31,1006.0,189,418,128,247,61,171,106,143,45.0,102.0,147,107,39,2,96.0,545,12661
648,Brandan Wright,FR,2006,2007,F,North Carolina,ACC,37,1013.0,228,353,228,353,0,0,89,157,77.0,152.0,229,37,36,65,59.0,545,13595
649,Hassan Adams,SR,2005,2006,G,Arizona,Pac-10,31,1031.0,234,490,217,425,17,65,58,95,67.0,88.0,155,90,82,14,69.0,543,9119
650,Scotty Hopson,JR,2010,2011,G,Tennessee,SEC,32,937.0,188,416,135,275,53,141,114,155,28.0,79.0,107,41,26,5,89.0,543,10924
651,Rakeem Christmas,SR,2014,2015,F,Syracuse,ACC,31,1064.0,203,368,203,367,0,1,136,191,97.0,185.0,282,47,29,78,78.0,542,9804
652,Kris Dunn,JR,2015,2016,G,Providence,Big East,33,1088.0,184,411,142,298,42,113,132,190,36.0,140.0,176,206,82,20,116.0,542,10182
653,Trey Gilder,SR,2007,2008,F,Northwestern State,Southland,33,887.0,189,394,172,324,17,70,147,192,76.0,128.0,204,63,39,22,89.0,542,10515
654,Lawrence Roberts,SR,2004,2005,F,Mississippi State,SEC,32,1023.0,171,382,159,341,12,41,188,288,110.0,241.0,351,61,50,26,87.0,542,12515
655,Matt Williams,SR,2016,2017,G,Central Florida,AAC,36,1315.0,178,455,52,127,126,328,60,74,16.0,138.0,154,69,25,1,65.0,542,13496
656,Xavier Munford,SR,2013,2014,G,Rhode Island,A-10,32,1139.0,184,458,122,268,62,190,111,157,20.0,108.0,128,78,36,13,88.0,541,11968
657,Steve Novak,SR,2005,2006,F,Marquette,Big East,31,1047.0,173,363,52,104,121,259,74,76,34.0,149.0,183,39,18,4,32.0,541,12087
658,Jerome Jordan,SR,2009,2010,C,Tulsa,CUSA,35,1043.0,184,335,184,335,0,0,172,250,84.0,233.0,317,44,16,82,79.0,540,11216
659,Jared Jeffries,SO,2001,2002,F,Indiana,Big Ten,36,1175.0,189,414,162,343,27,71,134,201,91.0,182.0,273,74,54,46,102.0,539,11074
660,Kent Bazemore,SR,2011,2012,G,Old Dominion,CAA,35,1103.0,186,457,135,298,51,159,115,182,65.0,148.0,213,107,74,12,112.0,538,9351
661,Joe Crawford,SR,2007,2008,G,Kentucky,SEC,30,1009.0,188,401,125,228,63,173,99,130,31.0,78.0,109,64,17,5,83.0,538,9926
662,Jarvis Hayes,SO,2001,2002,F,Georgia,SEC,29,980.0,212,470,163,320,49,150,65,85,35.0,117.0,152,45,34,14,60.0,538,10797
663,Patricio Garino,SR,2015,2016,G,George Washington,A-10,38,1217.0,203,398,145,263,58,135,73,106,52.0,109.0,161,56,52,31,72.0,537,10464
664,J.R. Giddens,SR,2007,2008,G,New Mexico,MWC,33,1063.0,210,407,185,332,25,75,92,157,57.0,233.0,290,103,47,39,73.0,537,10514
665,Travis Hansen,SR,2002,2003,G,Brigham Young,MWC,32,1025.0,169,383,133,277,36,106,163,204,53.0,99.0,152,77,29,20,84.0,537,10721
