player_id,year_start,year_end,height,weight
23615,1991,1995,6-10,240.0
23616,1991,2001,6-1,162.0
23617,1998,2003,6-6,223.0
23618,1997,2008,6-9,225.0
23619,2017,2018,6-6,190.0
23620,2006,2009,6-5,185.0
23621,1988,1993,6-11,220.0
23622,2013,2018,6-7,240.0
23623,2007,2009,6-4,220.0
23624,2015,2016,6-5,209.0
23625,1986,1996,5-10,162.0
23626,2014,2018,7-0,255.0
23627,1987,1997,6-7,215.0
23628,2018,2018,6-10,243.0
23629,2011,2015,6-7,245.0
23630,2008,2018,6-5,210.0
23631,2007,2011,6-5,202.0
23632,1982,1994,6-6,232.0
23633,2008,2012,6-2,190.0
23634,1982,1995,6-4,175.0
23635,2009,2017,7-2,248.0
23636,2013,2013,5-11,185.0
23637,2011,2012,7-1,251.0
23638,1987,1991,6-8,217.0
23639,2015,2015,6-10,240.0
23640,2011,2018,6-11,250.0
23641,2007,2018,6-11,260.0
23642,1985,1985,6-11,260.0
23643,2016,2016,6-8,245.0
23644,1996,2005,6-1,185.0
23645,2001,2003,6-5,205.0
23646,1994,1994,6-7,240.0
23647,2009,2010,6-8,230.0
23648,1992,2002,6-9,265.0
23649,1988,1991,6-2,183.0
23650,2018,2018,6-10,234.0
23651,1996,1997,6-4,184.0
23652,2018,2018,6-3,192.0
23653,2012,2017,6-9,260.0
23654,2002,2011,6-10,255.0
23655,1989,1990,6-8,220.0
23656,1997,2014,6-5,205.0
23657,2005,2018,6-4,213.0
23658,2008,2008,6-11,250.0
23659,1981,1981,6-9,220.0
23660,2008,2012,6-6,225.0
23661,1995,1997,6-11,225.0
23662,2000,2010,6-2,171.0
23663,1999,1999,6-10,260.0
23664,1996,2003,6-10,270.0
23665,1996,1997,6-8,230.0
23666,2011,2018,6-9,220.0
23667,2007,2016,6-9,220.0
23668,2002,2017,6-10,245.0
23669,2010,2011,6-11,245.0
23670,2006,2017,6-6,220.0
23671,2010,2010,6-6,215.0
23672,1998,2008,6-5,194.0
23673,1983,1983,6-3,185.0
23674,1993,1994,6-9,220.0
23675,1988,1998,6-10,230.0
23676,1983,1985,6-8,195.0
23677,2011,2016,6-6,213.0
23678,2016,2018,6-6,228.0
23679,1992,2005,6-0,168.0
23680,2015,2018,6-9,230.0
23681,1989,1989,5-11,184.0
23682,1990,2002,6-6,205.0
23683,1983,1990,6-10,240.0
23684,1985,1994,6-7,215.0
23685,2009,2018,6-10,240.0
23686,1997,2006,6-6,208.0
23687,1989,1997,6-7,190.0
23688,2006,2006,7-2,240.0
23689,2018,2018,6-10,252.0
23690,1990,1992,6-7,225.0
23691,1998,2000,7-0,249.0
23692,2014,2018,6-11,222.0
23693,2016,2016,6-7,205.0
23694,2004,2018,6-8,240.0
23695,1992,2002,6-0,176.0
23696,2008,2017,6-9,245.0
23697,2014,2015,6-11,260.0
23698,2018,2018,6-8,232.0
23699,2016,2016,6-1,185.0
23700,2005,2007,6-11,280.0
23701,2003,2004,6-11,250.0
23702,2018,2018,6-3,188.0
23703,2002,2012,6-3,191.0
23704,2005,2018,6-8,215.0
23705,1988,1988,6-9,230.0
23706,1990,2000,6-2,175.0
23707,2002,2004,6-5,188.0
23708,1995,2008,6-0,170.0
23709,2007,2014,6-11,235.0
23710,2002,2011,6-2,202.0
23711,2009,2018,6-9,235.0
23712,2018,2018,6-7,213.0
23713,2011,2018,7-0,255.0
23714,1988,1998,6-6,210.0
23715,1991,1999,6-7,197.0
23716,2000,2010,5-11,160.0
23717,1992,2006,6-8,205.0
23718,2009,2018,6-0,183.0
23719,2007,2008,6-10,235.0
23720,1992,2002,6-10,255.0
23721,1984,1984,6-9,205.0
23722,1993,2000,6-9,235.0
23723,2000,2002,6-2,197.0
23724,2012,2014,6-10,250.0
23725,2010,2016,6-9,240.0
23726,2007,2012,6-5,220.0
23727,2014,2014,6-5,225.0
23728,2011,2018,6-9,225.0
23729,1991,1992,7-0,240.0
23730,2018,2018,6-6,222.0
23731,2001,2003,7-1,255.0
23732,1983,1994,6-0,185.0
23733,1982,1982,7-0,210.0
23734,1980,1988,6-9,220.0
23735,1984,1999,6-11,215.0
23736,1999,2000,6-6,213.0
23737,2015,2016,6-9,250.0
23738,1999,1999,6-1,175.0
23739,2005,2005,6-1,175.0
23740,2017,2018,6-4,220.0
23741,1994,2006,6-11,232.0
23742,2017,2017,6-4,202.0
23743,2007,2012,6-8,208.0
23744,1991,1991,6-8,210.0
23745,2018,2018,6-6,190.0
23746,1982,1987,6-7,215.0
23747,2004,2011,6-2,200.0
23748,1985,1991,6-9,235.0
23749,2004,2017,6-3,194.0
23750,1992,1996,6-5,190.0
23751,2007,2018,6-0,185.0
23752,2007,2016,7-0,245.0
23753,1985,2000,6-6,252.0
23754,2001,2002,6-1,177.0
23755,2013,2018,6-8,210.0
23756,2004,2017,6-7,226.0
23757,2005,2008,5-10,172.0
23758,2006,2015,7-0,250.0
23759,1990,2004,5-11,163.0
23760,1996,2009,6-6,185.0
23761,1998,2000,6-5,191.0
23762,1993,2006,6-4,195.0
23763,2013,2018,6-6,175.0
23764,2006,2006,6-5,215.0
23765,2006,2017,6-8,250.0
23766,2003,2009,6-9,215.0
23767,2002,2004,6-11,290.0
23768,1980,1983,6-4,210.0
23769,2006,2007,6-10,270.0
23770,2003,2003,6-8,225.0
23771,1998,2012,6-11,230.0
23772,2002,2014,6-8,220.0
23773,1986,1995,6-2,175.0
23774,1990,1993,6-6,210.0
23775,1983,1984,6-10,240.0
23776,2009,2018,6-8,200.0
23777,2003,2006,6-8,260.0
23778,2009,2018,6-3,200.0
23779,2013,2018,6-10,260.0
23780,1995,1995,6-2,168.0
23781,2013,2018,6-5,201.0
23782,2013,2018,6-5,207.0
23783,2004,2004,6-10,237.0
23784,2017,2018,6-5,196.0
23785,2009,2018,6-9,235.0
23786,2010,2013,6-0,170.0
23787,1996,1999,6-1,190.0
23788,1987,1993,7-0,225.0
23789,2008,2018,6-5,210.0
23790,2002,2011,6-3,200.0
23791,2018,2018,6-9,224.0
23792,2001,2012,6-5,204.0
23793,2004,2004,6-1,180.0
23794,2017,2018,6-6,210.0
23795,2017,2018,7-1,225.0
23796,2000,2010,6-11,202.0
23797,2015,2015,6-8,245.0
23798,1986,2000,7-0,250.0
23799,1999,2003,6-6,200.0
23800,2014,2017,6-8,245.0
23801,1995,1997,6-0,170.0
23802,1996,2000,6-6,235.0
23803,1993,1995,6-0,175.0
23804,1990,1992,6-7,210.0
23805,1992,2001,6-8,220.0
23806,2012,2012,6-11,240.0
23807,2017,2017,6-9,235.0
23808,1989,1989,6-8,205.0
23809,1987,1989,6-8,215.0
23810,2017,2018,6-10,210.0
23811,1996,2005,5-11,182.0
23812,2013,2018,6-1,185.0
23813,2015,2015,7-5,360.0
23814,1999,2012,6-1,190.0
23815,2005,2014,6-11,240.0
23816,1998,2014,6-3,202.0
23817,1987,1987,6-8,235.0
23818,2018,2018,6-9,220.0
23819,2018,2018,6-6,197.0
23820,1980,1992,6-9,220.0
23821,2012,2018,6-9,255.0
23822,2016,2018,6-10,240.0
23823,1986,1990,7-1,252.0
23824,1981,1981,6-5,185.0
23825,2015,2018,6-9,250.0
23826,1982,1994,6-6,190.0
23827,1993,1993,6-6,250.0
23828,1985,1985,6-6,210.0
23829,1995,1995,6-0,190.0
23830,1988,1988,6-4,170.0
23831,2010,2016,6-7,270.0
23832,2004,2016,6-3,172.0
23833,2018,2018,6-4,197.0
23834,2007,2007,6-0,205.0
23835,1991,1993,6-4,190.0
23836,1993,1993,6-7,215.0
23837,2006,2014,6-11,235.0
23838,1990,2002,6-0,180.0
23839,2011,2018,6-1,205.0
23840,1994,2004,6-9,240.0
23841,2001,2009,7-0,230.0
23842,2014,2018,6-4,200.0
23843,1982,1982,6-4,185.0
23844,2005,2005,6-4,190.0
23845,2004,2014,6-5,215.0
23846,2018,2018,6-6,205.0
23847,2015,2018,6-8,216.0
23848,1988,2001,5-3,136.0
23849,2006,2018,7-0,260.0
23850,1998,2001,6-9,220.0
23851,1986,1995,7-7,200.0
23852,2017,2018,6-9,235.0
23853,1993,1995,6-5,200.0
23854,1997,1997,6-4,185.0
23855,1991,1996,6-8,215.0
23856,2005,2016,6-10,235.0
23857,2016,2018,6-6,206.0
23858,1996,1997,6-1,185.0
23859,2011,2018,6-8,228.0
23860,2007,2010,6-10,237.0
23861,2000,2009,6-11,230.0
23862,1998,1999,6-6,226.0
23863,2003,2015,6-9,258.0
23864,2004,2005,7-0,240.0
23865,2000,2000,6-8,220.0
23866,2004,2016,6-11,235.0
23867,1980,1980,6-8,225.0
23868,2002,2004,7-0,257.0
23869,2000,2002,6-10,245.0
23870,1997,2009,6-7,185.0
23871,2000,2010,6-7,215.0
23872,1989,1998,6-6,190.0
23873,1985,1995,7-1,235.0
23874,2000,2002,6-5,195.0
23875,1996,1997,6-5,196.0
23876,1999,2012,5-5,135.0
23877,2007,2007,6-6,207.0
23878,2011,2012,6-10,230.0
23879,1982,1982,6-6,215.0
23880,2011,2018,6-2,180.0
23881,1982,1984,6-5,215.0
23882,1980,1989,6-6,195.0
23883,2002,2006,6-10,245.0
23884,1994,2005,7-6,235.0
23885,2018,2018,6-11,240.0
23886,1997,1997,6-10,265.0
23887,1996,1996,6-8,230.0
23888,2004,2005,6-8,245.0
23889,2000,2000,6-10,227.0
23890,1987,1990,6-7,185.0
23891,2000,2016,6-8,275.0
23892,1992,2002,5-11,180.0
23893,1982,1983,6-10,220.0
23894,1995,1998,6-7,215.0
23895,2003,2004,6-2,185.0
23896,1984,1994,7-3,230.0
23897,2008,2018,6-9,186.0
23898,2002,2005,6-4,184.0
23899,2007,2014,6-7,220.0
23900,2002,2010,7-2,252.0
23901,1985,1997,6-9,240.0
23902,1986,1987,7-0,235.0
23903,1981,1981,6-4,180.0
23904,2010,2012,6-7,255.0
23905,1982,1983,6-4,185.0
23906,2017,2018,6-5,215.0
23907,2008,2018,6-0,161.0
23908,2018,2018,6-6,220.0
23909,1992,1994,6-6,200.0
23910,2012,2014,6-5,200.0
23911,1981,1988,6-7,220.0
23912,1989,1998,5-11,165.0
23913,2007,2009,6-9,245.0
23914,2016,2017,6-7,210.0
23915,2009,2018,6-2,175.0
23916,1990,2002,6-7,214.0
23917,2002,2005,6-9,200.0
23919,1991,2002,6-1,160.0
23919,2007,2009,6-0,185.0
23920,2010,2012,6-7,225.0
23921,2003,2010,6-5,220.0
23922,2002,2002,7-0,244.0
23923,1999,1999,6-4,210.0
23924,2015,2015,6-4,215.0
23925,2017,2018,6-7,225.0
23926,2002,2005,6-7,222.0
23927,2002,2013,6-11,270.0
23928,1981,1981,6-11,225.0
23929,2014,2018,6-5,189.0
23930,1997,2000,6-3,185.0
23931,2015,2016,6-3,190.0
23932,1987,1997,6-9,257.0
23933,1992,1992,6-3,180.0
23934,1994,2008,6-11,225.0
23935,1992,2003,6-2,190.0
23936,1990,1990,6-8,220.0
23937,1981,1985,6-10,215.0
23938,2007,2015,6-4,205.0
23939,2018,2018,6-5,225.0
23940,2002,2005,6-2,189.0
23941,1985,1992,6-6,185.0
23942,1990,1990,6-6,210.0
23943,1998,2006,6-4,190.0
23944,2017,2018,6-7,195.0
23945,1997,2016,6-6,212.0
23946,1989,2003,6-9,245.0
23947,2018,2018,6-10,248.0
23948,1984,1986,7-0,245.0
23949,1990,1990,6-9,250.0
23950,1990,1990,6-6,215.0
23951,2000,2009,6-4,210.0
23952,2010,2016,6-7,209.0
23953,1991,2002,6-6,220.0
23954,2000,2005,6-5,189.0
23955,1991,2002,6-10,215.0
23956,2014,2018,6-7,205.0
23957,2003,2007,6-11,250.0
23958,2014,2017,6-1,191.0
23959,1982,1982,6-5,175.0
23960,2012,2018,6-6,214.0
23961,2005,2006,6-1,200.0
23962,2006,2006,6-3,205.0
23963,1982,1982,6-2,180.0
23964,1994,1994,6-8,260.0
23965,1994,2001,6-7,218.0
23966,1996,1996,6-8,242.0
23967,1991,1999,6-8,210.0
23968,1985,1993,6-2,185.0
23969,2003,2016,6-7,228.0
23970,1989,1991,6-11,240.0
23971,2005,2007,6-10,250.0
23972,2012,2018,6-8,236.0
23973,1994,2004,6-5,210.0
23974,2003,2016,6-7,215.0
23975,2014,2015,6-3,190.0
23976,2012,2012,6-7,220.0
23977,2006,2014,7-0,285.0
23978,2006,2015,6-0,185.0
23979,2004,2006,6-11,235.0
23980,2015,2018,6-9,218.0
23981,1996,2003,6-8,255.0
23982,1985,2000,6-9,224.0
23983,2014,2015,6-6,213.0
23984,2006,2018,6-3,200.0
23985,1990,1998,6-8,265.0
23986,2014,2018,6-5,205.0
23987,1992,1992,6-1,165.0
23988,1991,1991,6-6,180.0
23989,1993,1993,6-7,224.0
23990,1997,2013,6-11,220.0
23991,1991,2005,6-11,215.0
23992,1985,1995,6-7,215.0
23993,2014,2018,6-0,201.0
23994,2015,2018,6-10,240.0
23995,2011,2011,6-9,275.0
23996,2001,2012,6-8,245.0
23997,2005,2005,6-3,180.0
23998,1985,1990,6-5,210.0
23999,2007,2011,6-7,205.0
24000,1985,2000,6-9,225.0
24001,1996,2001,6-5,207.0
24002,1999,1999,6-3,210.0
24003,2010,2018,6-8,215.0
24004,1981,1991,7-0,225.0
24005,2004,2013,6-6,212.0
24006,1997,1997,6-10,265.0
24007,2000,2012,6-1,190.0
24008,1981,1986,6-5,180.0
24009,1984,1985,6-5,215.0
24010,2004,2004,6-5,210.0
24011,1981,1982,6-3,175.0
24012,1999,2018,6-6,220.0
24013,2014,2018,6-6,190.0
24014,1980,1995,7-1,245.0
24015,2018,2018,6-5,186.0
24016,1994,2008,6-3,185.0
24017,2010,2018,6-9,225.0
24018,1986,1993,6-8,220.0
24019,1998,2007,6-11,255.0
24020,1982,1986,6-9,250.0
24021,2016,2018,7-0,240.0
24022,1991,2001,7-0,240.0
24023,2018,2018,6-9,239.0
24024,1985,1989,7-1,230.0
24025,1991,2001,6-6,190.0
24026,2000,2000,6-4,178.0
24027,2005,2005,6-0,180.0
24028,2009,2018,6-2,190.0
24029,1982,1998,6-10,220.0
24030,1989,1989,6-10,230.0
24031,2002,2018,7-1,240.0
24032,2008,2018,6-8,225.0
24033,1989,2000,6-4,185.0
24034,1986,1986,6-7,225.0
24035,1994,2006,6-7,209.0
24036,2015,2015,6-0,185.0
24037,1989,1991,6-7,195.0
24038,1992,2000,6-10,230.0
24039,2005,2014,6-8,210.0
24040,1996,1997,6-2,188.0
24041,1995,2003,6-3,195.0
24042,2017,2018,6-10,233.0
24043,1993,2007,6-6,200.0
24044,2014,2014,6-5,205.0
24045,2016,2017,6-9,250.0
24046,2017,2017,6-3,190.0
24047,2015,2015,6-5,209.0
24048,1996,1996,6-6,195.0
24049,1984,1985,6-4,210.0
24050,2010,2015,6-10,225.0
24051,2014,2018,6-3,175.0
24052,1999,2004,6-11,220.0
24053,2016,2016,6-7,232.0
24054,2015,2018,6-5,194.0
24055,2018,2018,6-4,185.0
24056,2013,2015,6-9,224.0
24057,1996,1996,7-0,265.0
24058,2002,2009,5-11,166.0
24059,2001,2006,6-2,205.0
24060,2018,2018,6-6,195.0
24061,1998,2000,7-3,212.0
24062,1991,1991,6-6,212.0
24063,1986,1987,6-3,190.0
24064,1996,2001,7-0,253.0
24065,2012,2017,6-2,175.0
24066,1987,1994,6-9,235.0
24067,1991,2005,6-10,230.0
24068,1988,1988,6-8,210.0
24069,1991,2004,6-1,180.0
24070,2001,2005,7-0,260.0
24071,1981,1981,6-4,185.0
24072,1981,1987,6-6,190.0
24073,1998,1998,6-4,196.0
24074,2002,2011,6-11,255.0
24075,2002,2014,7-0,255.0
24076,2018,2018,6-10,235.0
24077,2007,2010,6-6,220.0
24078,2011,2011,5-11,205.0
24079,2018,2018,7-0,232.0
24080,2018,2018,6-6,210.0
24081,2010,2018,6-0,175.0
24082,2005,2018,6-10,255.0
24083,2001,2001,6-0,175.0
24084,1985,1995,6-3,165.0
24085,1984,1984,6-8,210.0
24086,1988,1989,6-9,205.0
24087,2008,2018,6-1,175.0
24088,1992,2000,6-10,224.0
24089,2016,2018,6-5,206.0
24090,1983,1995,6-4,180.0
24091,2007,2013,6-2,195.0
24092,1991,1996,6-9,205.0
24093,2004,2012,6-9,234.0
24094,2008,2013,6-5,205.0
24095,1981,1989,6-3,184.0
24096,1980,1988,6-10,215.0
24097,2004,2005,6-1,190.0
24098,2017,2018,6-2,184.0
24099,2018,2018,6-5,196.0
24100,1986,1986,6-8,230.0
24101,2015,2018,6-9,260.0
24102,1993,1994,6-1,185.0
24103,1982,1985,6-10,230.0
24104,1992,1992,6-10,275.0
24105,2013,2016,6-9,239.0
24106,1980,1982,6-6,180.0
24107,1990,1992,6-6,190.0
24108,1986,2001,6-6,210.0
24109,1992,1994,6-0,185.0
24110,2018,2018,6-9,245.0
24111,2015,2016,6-1,165.0
24112,1998,1999,6-5,220.0
24113,1980,1980,6-7,225.0
24114,1993,1997,6-8,235.0
24115,2011,2011,6-11,245.0
24116,2011,2018,6-11,270.0
24117,2014,2018,6-9,215.0
24118,1983,1983,6-2,180.0
24119,2014,2018,6-6,210.0
24120,2018,2018,6-6,215.0
24121,1998,2004,6-9,235.0
24122,2001,2018,6-5,200.0
24123,2009,2009,6-5,210.0
24124,2011,2018,6-4,195.0
24125,1986,1986,7-0,235.0
24126,2002,2002,6-0,185.0
24127,1988,1989,6-7,233.0
24128,2008,2009,6-5,200.0
24129,1980,1980,6-4,195.0
24130,1998,2009,6-9,235.0
24131,1986,1986,6-10,240.0
24132,1984,1984,6-10,215.0
24133,1993,2003,6-1,185.0
24134,1992,1995,6-5,214.0
24135,2013,2018,6-6,235.0
24136,1980,1991,6-9,230.0
24137,1983,2000,6-9,220.0
24138,2000,2002,6-3,185.0
24139,2010,2018,6-8,230.0
24140,2013,2016,6-4,195.0
24141,1998,1999,6-11,250.0
24142,1993,1993,6-10,275.0
24143,1981,1997,6-9,210.0
24144,1995,2001,6-9,220.0
24145,1987,2002,6-4,190.0
24146,2002,2013,7-0,295.0
24147,2010,2010,6-3,190.0
24148,1994,2005,6-5,210.0
24149,2014,2017,6-2,185.0
24150,2010,2018,6-3,190.0
24151,1996,1996,7-1,260.0
24152,1983,1992,6-3,180.0
24153,2002,2015,6-11,255.0
24154,1997,2012,6-11,265.0
24155,1998,2011,6-4,195.0
24156,2005,2005,6-8,214.0
24157,1993,1998,6-7,205.0
24158,2004,2013,6-6,200.0
24159,2014,2018,6-4,205.0
24160,1996,1997,6-5,200.0
24161,1995,1998,7-0,265.0
24162,2014,2015,6-8,215.0
24163,1987,1994,7-0,245.0
24164,1999,2001,6-9,235.0
24165,2008,2009,6-10,230.0
24166,2014,2015,6-10,240.0
24167,2013,2018,6-10,253.0
24168,1994,2006,6-9,215.0
24169,2000,2012,6-3,209.0
24170,1997,2000,6-9,240.0
24171,1994,1994,6-7,200.0
24172,1982,1990,6-7,215.0
24173,1992,2007,6-11,230.0
24174,2017,2018,6-11,237.0
24175,2011,2018,6-10,240.0
24176,1997,2003,6-4,195.0
24177,2008,2015,6-9,289.0
24178,1993,2004,6-5,183.0
24179,2004,2012,6-8,235.0
24181,1989,1989,6-6,195.0
24181,1996,2000,6-7,210.0
24182,1983,1983,6-10,230.0
24183,1981,1981,6-7,205.0
24184,2007,2010,6-11,270.0
24185,1999,2010,6-6,195.0
24186,1990,2001,6-9,225.0
24187,2015,2015,6-5,215.0
24188,1987,1995,6-2,165.0
24189,1980,1980,6-5,190.0
24190,2016,2016,6-6,225.0
24191,2012,2012,6-9,250.0
24192,1991,1995,6-7,215.0
24193,1993,2001,6-6,188.0
24194,2010,2015,6-11,220.0
24195,1984,1988,6-8,220.0
24196,2013,2014,6-5,200.0
24197,1980,1980,6-4,190.0
24198,1996,2005,6-10,230.0
24199,2014,2018,7-0,245.0
24200,1994,1999,6-2,190.0
24201,2016,2016,6-6,209.0
24202,2016,2018,6-9,230.0
24203,1989,2002,6-4,185.0
24204,2017,2018,6-3,190.0
24205,1992,1999,6-9,235.0
24206,2005,2013,6-6,230.0
24207,1997,2006,6-1,189.0
24208,2014,2018,6-4,198.0
24209,1989,1989,6-5,215.0
24210,1980,1982,6-9,225.0
24211,1994,1997,6-3,205.0
24212,2005,2018,6-9,220.0
24213,1982,1984,6-8,220.0
24214,2012,2013,5-11,185.0
24215,2010,2018,6-7,221.0
24216,2000,2004,6-4,184.0
24217,2017,2018,6-9,220.0
24218,2004,2017,6-8,250.0
24219,2007,2010,6-7,225.0
24220,2008,2008,6-2,192.0
24221,2003,2008,6-0,190.0
24222,2004,2008,6-8,215.0
24223,1999,2003,6-5,190.0
24224,2006,2010,6-1,175.0
24225,2014,2018,6-11,241.0
24226,1982,1982,6-3,170.0
24227,1990,1991,6-1,170.0
24228,2015,2018,6-6,200.0
24229,2006,2012,6-8,250.0
24230,2002,2013,7-0,300.0
24231,1990,2005,7-1,243.0
24232,2003,2009,6-3,164.0
24233,1997,1997,6-2,198.0
24234,1999,2008,6-11,262.0
24235,1981,1995,7-2,275.0
24236,1988,1988,5-11,171.0
24237,2001,2013,6-3,196.0
24238,2009,2015,6-8,268.0
24239,2018,2018,6-5,183.0
24240,2018,2018,6-6,205.0
24241,2007,2009,6-3,175.0
24242,1987,1987,6-3,195.0
24243,1982,1983,6-2,170.0
24244,1990,2001,6-0,180.0
24245,2010,2017,6-2,195.0
24246,2009,2015,6-7,200.0
24247,2011,2011,6-3,191.0
24248,1990,1990,6-9,210.0
24249,2009,2018,6-3,190.0
24250,2015,2015,6-5,200.0
24251,1987,1997,7-1,250.0
24252,1999,2004,6-2,185.0
24254,1981,1991,6-1,170.0
24254,2015,2015,6-2,180.0
24255,1984,1998,6-7,210.0
24256,1997,1997,6-5,215.0
24257,2002,2005,6-11,270.0
24258,1981,1981,7-2,250.0
24259,2013,2018,6-11,279.0
24260,1987,1997,7-0,275.0
24261,1988,2003,6-11,235.0
24262,2008,2018,6-7,225.0
24263,1980,1983,6-2,180.0
24264,2005,2013,6-1,185.0
24265,2016,2016,6-9,220.0
24266,1986,1999,6-3,190.0
24267,1993,1996,6-7,200.0
24268,1995,1998,6-6,190.0
24269,1998,2016,6-11,250.0
24270,2003,2017,6-9,230.0
24271,2017,2018,6-4,210.0
24272,2004,2011,6-7,209.0
24273,2008,2018,6-9,240.0
24274,1981,1983,6-3,195.0
24275,1993,1995,6-7,210.0
24276,1985,1986,6-7,200.0
24277,1982,1982,6-8,190.0
24278,2012,2012,6-3,180.0
24279,1989,1998,6-5,220.0
24280,1994,1997,6-10,240.0
24281,2015,2016,6-8,210.0
24282,1983,1993,7-4,275.0
24283,1983,1987,6-4,180.0
24284,2011,2013,6-9,215.0
24285,2004,2005,6-9,200.0
24286,2016,2017,6-7,218.0
24287,1992,1992,6-11,240.0
24288,1985,1985,6-8,205.0
24289,1983,1984,6-5,195.0
24290,1996,2001,5-10,152.0
24291,1994,1994,6-8,215.0
24292,1990,1999,6-4,200.0
24293,2005,2005,6-9,275.0
24294,1994,1996,6-7,220.0
24295,1982,1988,6-1,170.0
24296,1990,1990,6-4,185.0
24297,2005,2006,7-0,275.0
24298,1989,2001,6-3,190.0
24299,2014,2014,6-7,220.0
24300,1984,1997,6-6,180.0
24301,1995,2006,6-2,177.0
24302,2000,2005,6-9,270.0
24303,2001,2001,5-10,200.0
24304,1991,2001,6-5,210.0
24305,2017,2018,6-11,245.0
24306,2010,2018,6-4,200.0
24307,1990,2001,6-8,205.0
24308,1984,2000,6-7,205.0
24309,1994,1998,6-5,200.0
24310,1993,2003,6-8,240.0
24311,1992,1996,6-9,225.0
24312,2006,2017,6-3,185.0
24313,1990,2001,6-9,210.0
24314,2004,2012,7-0,235.0
24315,2003,2014,6-10,260.0
24316,2017,2018,7-0,250.0
24317,2005,2012,6-5,230.0
24318,1983,1988,6-11,245.0
24319,1989,1989,6-8,245.0
24320,1991,1992,6-3,175.0
24321,1993,1995,6-4,195.0
24322,2013,2013,6-6,200.0
24323,2015,2018,6-7,210.0
24324,2015,2018,6-3,194.0
24325,2011,2012,7-0,240.0
24326,2000,2003,6-11,255.0
24327,1996,1996,6-3,198.0
24328,1997,1999,6-8,220.0
24329,1980,1980,6-8,202.0
24330,2018,2018,6-0,185.0
24331,2011,2016,6-9,200.0
24332,2002,2012,6-5,220.0
24333,1980,1988,6-1,170.0
24334,2003,2015,6-8,245.0
24335,2010,2018,6-6,220.0
24336,2006,2007,6-3,185.0
24338,1986,2002,7-0,240.0
24338,2011,2011,6-8,235.0
24339,2015,2017,6-6,190.0
24340,2011,2012,6-5,210.0
24341,2013,2016,6-11,255.0
24342,2012,2018,6-8,228.0
24343,2007,2017,6-2,180.0
24344,2007,2009,6-5,220.0
24345,1988,1994,6-4,190.0
24346,1998,2000,6-9,244.0
24347,2014,2014,6-11,260.0
24348,2011,2018,6-10,265.0
24349,2008,2008,6-11,235.0
24350,1997,2001,6-9,255.0
24351,1987,1992,6-11,235.0
24352,2017,2018,5-9,176.0
24353,2016,2018,6-10,275.0
24354,2014,2014,6-6,201.0
24355,2006,2006,6-9,225.0
24356,2006,2018,6-1,205.0
24357,2004,2004,6-7,203.0
24358,2018,2018,6-7,184.0
24359,2009,2012,6-6,185.0
24360,1989,1989,7-1,240.0
24361,1989,1999,6-7,209.0
24362,2017,2018,6-0,180.0
24363,1991,2003,6-10,230.0
24364,2008,2012,7-1,288.0
24365,1985,1988,6-5,220.0
24366,2011,2015,6-7,210.0
24367,1996,2010,6-7,215.0
24368,2017,2018,6-8,220.0
24369,1995,1997,6-11,235.0
24370,1997,2014,6-1,200.0
24371,2006,2006,6-3,188.0
24372,2001,2006,6-9,262.0
24373,1985,1996,6-5,185.0
24374,2005,2005,6-2,200.0
24375,1983,1983,6-8,225.0
24376,1983,1995,6-3,170.0
24377,2010,2012,6-0,185.0
24378,2002,2002,6-4,210.0
24379,2012,2012,7-0,265.0
24380,2017,2018,6-3,190.0
24381,2011,2012,6-7,220.0
24382,1994,1995,6-1,190.0
24383,2002,2004,6-9,275.0
24384,2006,2006,6-9,225.0
24385,1996,1996,6-7,210.0
24386,2004,2012,6-0,165.0
24387,2002,2003,6-4,194.0
24388,2012,2012,5-11,185.0
24389,1998,2007,6-7,260.0
24390,1991,2003,6-11,240.0
24391,2000,2012,6-11,236.0
24392,1984,1986,6-1,160.0
24393,2002,2002,6-10,219.0
24394,2013,2018,6-7,205.0
24395,2002,2005,6-8,220.0
24396,2018,2018,6-3,170.0
24397,1992,2004,6-7,230.0
24398,2007,2017,6-4,213.0
24399,1998,2009,6-10,250.0
24400,2004,2008,6-5,210.0
24401,2000,2008,6-3,195.0
24402,1988,1994,6-10,225.0
24403,2014,2015,6-5,191.0
24404,2015,2018,6-1,170.0
24405,1989,1992,6-7,205.0
24406,2012,2016,6-2,195.0
24407,2013,2015,6-10,250.0
24408,2005,2007,6-10,240.0
24409,2006,2018,6-11,255.0
24410,2004,2004,6-9,240.0
24411,1997,2001,6-11,255.0
24412,1981,1981,6-4,180.0
24413,2018,2018,6-4,195.0
24414,1998,2005,6-9,230.0
24415,2003,2012,6-11,240.0
24416,2006,2006,6-9,250.0
24417,1989,1995,6-3,195.0
24418,2004,2006,6-6,205.0
24419,2010,2012,6-1,185.0
24420,1994,1994,6-10,255.0
24421,2009,2018,6-10,225.0
24422,2015,2018,6-2,200.0
24423,1988,1997,6-5,210.0
24424,2007,2008,6-9,245.0
24425,2001,2001,6-9,245.0
24426,2004,2005,6-3,220.0
24427,2006,2015,6-7,195.0
24428,2008,2009,6-5,225.0
24429,2017,2017,6-6,210.0
24430,1980,1980,6-4,180.0
24431,1988,1995,6-2,170.0
24432,1998,2001,5-10,156.0
24433,1983,1986,6-9,225.0
24434,1996,2016,6-11,240.0
24435,1999,1999,6-2,186.0
24436,1981,1984,6-7,190.0
24437,1997,2002,6-10,225.0
24438,2013,2014,6-4,190.0
24439,1989,1992,6-2,185.0
24440,1984,1984,6-8,205.0
24441,1998,2000,6-2,183.0
24442,1999,2008,6-9,238.0
24443,2009,2018,7-1,255.0
24444,2002,2018,7-0,250.0
24445,1992,2002,6-10,220.0
24446,1987,1996,6-8,225.0
24447,2007,2018,6-8,230.0
24448,1994,1999,6-7,205.0
24449,2017,2017,6-7,200.0
24450,1997,1998,6-2,187.0
24451,2010,2017,6-6,225.0
24452,1993,2002,7-0,243.0
24453,2007,2013,6-7,215.0
24454,2000,2010,6-8,220.0
24455,2011,2018,6-9,220.0
24456,1991,1995,6-5,190.0
24457,2017,2018,6-5,216.0
24458,1990,1991,6-8,200.0
24459,2007,2013,6-2,190.0
24460,2017,2017,6-2,185.0
24461,1984,1986,6-10,205.0
24462,2010,2018,6-9,225.0
24463,2009,2010,6-5,215.0
24464,2010,2010,6-9,185.0
24465,2001,2009,6-0,190.0
24466,1991,2005,6-5,195.0
24467,1989,1989,7-0,235.0
24468,1988,2000,6-9,230.0
24469,2003,2018,6-6,205.0
24470,2003,2008,6-6,210.0
24471,2012,2012,6-11,220.0
24472,1991,1996,6-5,221.0
24473,1986,1986,6-8,235.0
24474,2000,2005,6-5,228.0
24475,2007,2007,7-1,280.0
24476,1981,1994,6-11,250.0
24477,2014,2018,7-1,245.0
24478,1991,1992,6-10,250.0
24479,1996,2006,6-1,182.0
24480,2006,2014,6-7,250.0
24481,1987,1989,6-5,205.0
24482,2003,2016,6-10,250.0
24483,2001,2002,6-10,220.0
24484,2014,2017,6-5,200.0
24485,2015,2018,6-9,220.0
24486,2005,2015,6-3,200.0
24487,2015,2015,6-9,245.0
24488,2009,2018,6-4,215.0
24489,1985,1988,6-3,185.0
24490,2008,2018,6-11,240.0
24491,2012,2016,6-3,200.0
24492,1994,1994,6-1,180.0
24493,1994,1998,6-4,174.0
24494,2006,2011,6-7,225.0
24495,1989,1989,6-8,220.0
24496,1992,1994,6-6,200.0
24497,2006,2011,6-6,215.0
24498,2017,2018,6-6,220.0
24499,1991,1991,7-0,235.0
24500,1989,1996,6-6,215.0
24501,2006,2015,6-9,222.0
24502,1984,1987,6-3,190.0
24503,1995,2006,6-9,254.0
24504,1989,2001,6-3,185.0
24505,1990,1996,5-7,140.0
24506,1989,1999,6-8,195.0
24507,1988,2004,6-10,215.0
24508,2015,2018,6-8,210.0
24509,2016,2018,6-4,195.0
24510,1994,1994,6-9,223.0
24511,1999,2004,7-0,245.0
24512,1985,1985,6-3,200.0
24513,2008,2014,7-0,270.0
24514,1997,2000,6-7,240.0
24515,1998,1999,6-3,210.0
24516,1997,1997,6-7,235.0
24517,1985,1991,7-0,235.0
24518,1989,1989,6-6,230.0
24519,1989,1998,6-5,200.0
24520,1986,2001,6-9,220.0
24521,2010,2018,6-6,215.0
24522,2006,2006,6-7,210.0
24523,2013,2018,6-7,230.0
24524,2015,2016,6-4,185.0
24525,2006,2017,6-7,205.0
24526,2015,2018,6-9,227.0
24527,2008,2018,6-9,235.0
24528,1986,1986,6-8,215.0
24529,1986,1987,6-6,210.0
24530,1993,1999,6-1,185.0
24531,1992,1994,6-5,210.0
24532,1984,1993,6-9,220.0
24533,2008,2008,6-0,177.0
24534,2004,2015,6-4,200.0
24535,2009,2012,6-11,226.0
24536,2006,2011,6-4,208.0
24537,1980,1991,6-9,222.0
24538,2007,2007,6-2,175.0
24539,1986,1988,6-8,205.0
24540,1983,1983,6-7,215.0
24541,2000,2008,6-5,217.0
24542,2011,2018,6-10,251.0
24543,2002,2007,6-10,220.0
24544,2010,2010,6-7,238.0
24545,1981,1991,6-4,190.0
24546,1998,1998,6-9,230.0
24547,2006,2006,6-3,180.0
24548,1982,1989,7-2,260.0
24549,1993,2005,6-10,240.0
24550,1994,1995,6-10,225.0
24551,1993,1994,6-10,255.0
24552,2014,2016,6-3,191.0
24553,2001,2003,6-1,180.0
24554,2009,2013,7-2,254.0
24555,1990,1991,6-3,180.0
24556,1982,1982,6-0,170.0
24557,2009,2010,6-6,220.0
24558,2015,2016,6-6,230.0
24559,2003,2010,6-10,230.0
24560,1989,1998,6-10,240.0
24561,2007,2007,6-8,230.0
24562,1997,2005,6-7,220.0
24563,1997,1997,7-0,245.0
24564,2018,2018,6-7,195.0
24565,2012,2016,6-7,220.0
24566,2014,2017,7-0,260.0
24567,2000,2013,6-6,185.0
24568,1980,1981,6-2,180.0
24569,2002,2002,6-8,220.0
24570,1996,2000,7-2,330.0
24571,2001,2006,6-11,250.0
24572,1994,1996,7-0,262.0
24573,1990,2001,6-9,215.0
24574,2017,2017,7-0,260.0
24575,1995,1997,6-7,205.0
24576,2004,2005,6-10,240.0
24577,2013,2013,6-3,203.0
24578,2010,2016,6-9,250.0
24579,1984,1992,6-6,190.0
24580,2004,2004,6-6,205.0
24581,1998,1998,6-8,195.0
24582,1981,1990,6-7,185.0
24583,2011,2012,6-8,246.0
24584,1994,2008,6-7,195.0
24586,1990,2003,6-0,175.0
24586,2014,2018,6-6,205.0
24587,2010,2018,6-5,220.0
24588,1981,1982,6-7,195.0
24589,2013,2018,6-9,215.0
24590,1995,1995,6-4,190.0
24591,1984,1999,6-4,185.0
24592,2012,2017,6-10,225.0
24593,1981,1982,6-10,195.0
24594,1987,2001,6-6,185.0
24595,1999,2009,6-7,231.0
24596,2016,2018,6-8,240.0
24597,2012,2014,6-10,275.0
24598,2003,2003,6-5,200.0
24599,1999,2014,6-9,230.0
24600,2003,2007,6-4,180.0
24601,1997,2008,6-9,235.0
24602,2005,2018,6-3,192.0
24603,2014,2014,6-8,239.0
24604,2015,2018,6-4,210.0
24605,2015,2018,6-6,219.0
24606,1994,2005,6-5,190.0
24607,2011,2017,6-5,185.0
24608,2008,2014,6-6,240.0
24609,1986,1990,6-5,195.0
24610,2012,2013,6-5,190.0
24611,2012,2018,6-9,235.0
24612,1991,1995,6-3,190.0
24613,2016,2017,6-6,210.0
24614,2017,2018,6-6,213.0
24615,2005,2008,7-0,280.0
24616,2001,2010,6-3,185.0
24617,2018,2018,6-5,209.0
24618,1994,2003,6-11,225.0
24619,2001,2005,6-8,220.0
24620,1994,1994,6-11,250.0
24621,2004,2018,6-8,235.0
24622,2002,2010,6-5,200.0
24623,1983,1993,6-10,235.0
24624,2002,2003,6-9,242.0
24625,2008,2017,7-1,245.0
24626,1989,2001,6-3,190.0
24627,2003,2003,6-7,220.0
24628,1997,2001,6-0,178.0
24629,2006,2016,6-6,240.0
24630,2004,2010,6-7,220.0
24631,1982,1986,7-0,205.0
24632,2011,2018,6-8,226.0
24633,2011,2013,6-6,225.0
24634,2002,2015,7-0,268.0
24635,2006,2011,6-3,185.0
24636,1997,2004,6-0,180.0
24637,1996,1996,6-8,225.0
24638,1996,2007,6-9,235.0
24640,1987,1987,6-8,210.0
24640,1998,2002,6-7,215.0
24641,1988,1988,6-5,195.0
24643,1980,1992,6-2,175.0
24643,2010,2017,6-5,215.0
24644,1999,1999,6-8,226.0
24645,1986,1987,6-11,230.0
24646,1987,1988,6-4,195.0
24647,1997,2000,6-9,220.0
24648,1986,1986,6-6,205.0
24649,1987,1988,6-7,195.0
24650,1994,1994,6-7,190.0
24651,2011,2015,6-6,220.0
24652,2013,2018,6-11,229.0
24653,1991,1999,5-11,177.0
24654,2017,2018,6-9,230.0
24655,2017,2018,6-11,240.0
24656,2000,2001,6-2,197.0
24657,1992,1999,6-9,215.0
24658,2007,2009,6-9,225.0
24659,2016,2018,6-8,215.0
24660,2009,2017,7-2,270.0
24661,2009,2016,6-9,242.0
24662,2017,2018,6-4,214.0
24663,2012,2013,6-5,180.0
24664,1990,1991,6-9,220.0
24665,1983,1995,6-7,200.0
24666,1991,1998,6-9,205.0
24667,1980,1984,6-3,185.0
24668,2003,2018,6-11,250.0
24669,2009,2018,6-3,188.0
24670,1995,2013,6-8,225.0
24671,2010,2017,6-10,235.0
24672,2014,2017,6-7,225.0
24673,2009,2009,7-0,248.0
24674,1991,2004,6-9,240.0
24675,2016,2018,6-6,205.0
24676,2004,2016,6-4,190.0
24677,1984,1991,6-9,210.0
24678,2007,2007,6-2,184.0
24679,2012,2012,6-7,210.0
24680,1992,1996,7-0,230.0
24681,2006,2007,6-7,210.0
24682,1983,1992,6-2,190.0
24683,1996,2005,6-4,203.0
24684,2006,2006,6-9,225.0
24685,2010,2018,6-4,205.0
24686,2013,2018,6-6,185.0
24687,1980,1982,6-3,180.0
24688,2018,2018,6-5,205.0
24689,2007,2016,7-0,240.0
24690,2016,2018,6-7,220.0
24691,2016,2018,6-10,245.0
24692,1985,1990,6-4,185.0
24693,1998,1999,6-9,245.0
24694,2012,2013,6-8,188.0
24695,2000,2000,6-8,222.0
24696,2015,2018,6-8,206.0
24697,1988,1993,6-11,235.0
24698,1988,1992,6-5,200.0
24699,2014,2014,6-7,204.0
24700,1981,1982,6-8,220.0
24701,2008,2018,6-10,245.0
24702,1989,1994,7-1,245.0
24703,1987,2000,6-3,190.0
24704,2012,2012,6-9,230.0
24705,1993,2008,6-9,220.0
24706,1990,1990,6-8,230.0
24707,2017,2018,6-7,207.0
24708,2001,2011,6-1,180.0
24709,1994,2005,6-6,200.0
24710,1993,1996,6-5,250.0
24711,1995,1995,6-8,205.0
24712,1992,1993,6-6,204.0
24713,2005,2018,6-11,265.0
24714,2004,2013,6-7,210.0
24715,1995,2013,6-9,240.0
24716,1993,1998,6-9,225.0
24717,1980,1989,6-8,215.0
24718,2010,2015,6-3,190.0
24719,1998,2008,6-1,170.0
24720,2016,2017,6-3,200.0
24721,2016,2018,6-7,230.0
24722,2003,2003,7-1,245.0
24723,1986,1986,6-5,215.0
24724,1988,1990,5-10,165.0
24725,1999,2012,6-5,184.0
24726,2000,2000,6-9,235.0
24727,2014,2015,6-8,215.0
24728,2003,2005,6-8,235.0
24729,1985,1995,6-3,185.0
24730,2005,2017,6-9,235.0
24731,2004,2005,6-7,260.0
24732,1992,1992,6-0,180.0
24733,2010,2010,6-11,240.0
24734,1994,2010,6-2,170.0
24735,2009,2010,6-8,225.0
24736,2016,2017,6-5,185.0
24737,2002,2010,7-0,220.0
24738,2018,2018,6-8,208.0
24739,1994,1998,6-0,165.0
24740,1980,1987,6-2,175.0
24741,1983,1989,6-8,210.0
24742,2010,2018,6-10,235.0
24743,2005,2018,6-6,215.0
24744,1998,2011,7-3,238.0
24745,2007,2007,7-1,230.0
24746,2005,2011,7-0,245.0
24747,2007,2018,6-10,235.0
24748,2015,2018,6-8,226.0
24749,2016,2016,6-8,246.0
24750,2017,2018,6-9,190.0
24751,1990,1993,6-5,190.0
24752,2012,2018,6-3,193.0
24753,2018,2018,6-10,210.0
24754,1992,1993,5-10,175.0
24755,1997,2010,6-0,165.0
24756,2005,2014,6-3,200.0
24757,2018,2018,6-7,193.0
24758,2006,2018,6-3,200.0
24759,1998,2009,6-1,185.0
24760,2010,2010,6-3,191.0
24761,2009,2011,6-9,253.0
24762,2017,2018,6-1,201.0
24763,1990,2002,6-4,190.0
24764,2000,2006,6-4,204.0
24765,1993,2006,6-6,220.0
24766,2018,2018,6-8,207.0
24767,2018,2018,6-8,200.0
24768,2005,2008,6-7,215.0
24769,2001,2007,6-10,270.0
24770,1988,2004,6-1,180.0
24771,1988,1990,6-2,183.0
24772,1987,1987,6-3,185.0
24773,2017,2017,5-10,180.0
24774,1985,1985,6-2,190.0
24775,1999,2000,6-11,215.0
24776,2012,2018,6-3,208.0
24777,1994,1994,6-3,185.0
24778,2001,2014,6-8,218.0
24779,1981,1981,6-0,170.0
24780,1982,1984,6-6,205.0
24781,2003,2008,6-6,215.0
24782,1999,2001,6-4,215.0
24783,1991,1994,6-5,190.0
24784,2013,2015,6-10,240.0
24785,2011,2014,6-7,225.0
24786,1991,1998,6-8,220.0
24787,1999,2009,7-0,300.0
24788,2004,2018,6-8,250.0
24790,2002,2014,6-2,188.0
24790,2018,2018,6-1,189.0
24791,2000,2002,6-7,212.0
24792,1999,2014,6-8,223.0
24793,2000,2002,6-8,260.0
24794,2003,2009,6-7,198.0
24795,2006,2007,6-4,195.0
24796,2009,2010,6-10,280.0
24797,1980,1981,6-8,210.0
24798,2003,2004,6-8,225.0
24799,2010,2014,6-5,200.0
24800,2005,2018,6-10,289.0
24801,2015,2016,6-9,218.0
24802,2009,2009,6-5,195.0
24803,2002,2018,6-7,233.0
24804,2003,2013,6-11,230.0
24805,2012,2013,6-3,220.0
24806,2005,2005,6-1,180.0
24807,2013,2017,6-4,215.0
24808,2010,2017,6-1,170.0
24809,1993,1995,5-7,160.0
24810,1994,1997,6-7,220.0
24811,1991,1992,7-0,237.0
24812,2010,2018,6-10,231.0
24813,2015,2015,6-10,235.0
24814,2011,2011,5-11,175.0
24815,2008,2012,7-0,240.0
24816,2004,2005,6-10,210.0
24817,2007,2008,6-9,240.0
24818,2006,2018,6-9,240.0
24819,1998,2010,6-3,190.0
24820,2011,2012,6-3,195.0
24821,1989,2004,5-10,175.0
24822,2017,2018,6-10,230.0
24823,1987,1993,6-7,190.0
24824,2012,2012,5-10,180.0
24825,1980,1980,6-6,195.0
24827,2011,2013,6-11,210.0
24827,2013,2016,6-6,206.0
24828,1982,1984,6-4,175.0
24829,2018,2018,7-0,255.0
24830,1996,1996,6-1,170.0
24831,1993,1994,6-7,210.0
24832,2000,2000,6-9,245.0
24833,2001,2008,6-9,201.0
24834,1982,1999,6-7,215.0
24835,1990,1990,6-2,205.0
24836,1994,2006,6-11,245.0
24837,1982,1994,6-1,185.0
24838,2012,2013,6-8,230.0
24839,2012,2012,6-10,221.0
24840,2010,2018,6-9,250.0
24841,2002,2018,6-7,240.0
24842,1988,1988,6-9,220.0
24844,1986,1986,6-8,240.0
24844,2003,2003,6-11,240.0
24845,1988,2000,6-1,180.0
24846,1992,2001,6-6,250.0
24847,1981,1981,6-11,205.0
24848,2004,2009,6-8,205.0
24849,1980,1996,6-9,215.0
24850,2015,2015,6-3,202.0
24851,2013,2016,6-5,220.0
24852,1981,1984,6-9,205.0
24853,2016,2018,6-7,245.0
24854,1987,1987,6-8,240.0
24855,1982,1991,6-10,235.0
24856,2009,2012,6-5,218.0
24857,2015,2018,6-4,186.0
24858,1980,1992,6-2,200.0
24859,2011,2018,6-7,215.0
24860,2013,2014,6-2,215.0
24861,1990,1990,6-8,210.0
24862,1983,1983,6-11,245.0
24863,2016,2018,6-10,250.0
24864,2002,2002,6-11,265.0
24865,1987,1990,6-6,195.0
24866,1995,1995,6-5,200.0
24867,1989,1989,6-7,175.0
24868,2007,2008,6-7,215.0
24871,1984,1998,6-9,215.0
24871,1985,1989,6-8,215.0
24871,1999,2000,6-3,180.0
24872,2004,2017,6-6,225.0
24873,2017,2018,7-0,245.0
24874,1999,2009,6-3,185.0
24875,2013,2013,6-8,221.0
24876,2017,2018,6-7,190.0
24877,2011,2013,6-4,215.0
24878,1998,1998,6-8,220.0
24879,2006,2010,6-11,250.0
24880,1985,1986,7-0,210.0
24881,1995,2008,6-6,190.0
24882,1981,1986,6-10,225.0
24883,2003,2009,6-4,210.0
24884,1983,1984,6-8,190.0
24885,2018,2018,6-7,223.0
24886,2004,2017,6-8,218.0
24887,2000,2007,6-8,218.0
24888,2013,2013,6-8,251.0
24889,1980,1985,6-9,225.0
24891,1984,1984,6-1,175.0
24891,2005,2005,6-6,215.0
24892,1985,1986,6-11,235.0
24893,2013,2015,6-11,235.0
24894,1994,2004,6-8,250.0
24895,1989,1989,6-9,210.0
24896,2007,2014,6-10,230.0
24897,2013,2017,6-9,252.0
24898,2016,2018,6-2,195.0
24899,1994,1999,5-11,170.0
24900,2009,2018,6-11,265.0
24901,2012,2015,7-0,253.0
24902,1985,2003,6-6,195.0
24903,1994,2000,6-4,195.0
24904,1993,1993,6-10,220.0
24905,1981,1981,6-7,198.0
24906,2012,2018,6-3,193.0
24907,2001,2001,7-2,315.0
24908,2013,2013,6-7,210.0
24909,1986,1986,6-11,245.0
24910,2004,2016,7-0,265.0
24911,2016,2018,7-0,242.0
24912,2012,2018,6-11,245.0
24913,2004,2012,6-8,213.0
24914,2014,2016,6-7,208.0
24915,2008,2010,6-5,215.0
24916,2005,2006,7-1,260.0
24917,2016,2016,6-11,260.0
24918,1981,1982,6-6,218.0
24919,1993,2001,6-9,230.0
24920,1986,1986,6-4,185.0
24921,1983,1987,6-7,225.0
24922,2014,2017,6-11,230.0
24923,1980,1985,6-7,190.0
24924,1990,2003,6-10,230.0
24925,1987,1998,6-10,245.0
24926,2018,2018,6-6,206.0
24927,2012,2012,6-6,215.0
24928,1999,1999,6-11,245.0
24929,1989,2003,6-3,175.0
24930,1985,2001,6-7,215.0
24931,1991,1994,6-11,230.0
24932,2000,2001,6-9,277.0
24933,1989,1996,6-7,195.0
24934,2005,2008,6-9,210.0
24935,1995,2013,6-4,205.0
24936,1994,1994,6-9,235.0
24937,2013,2018,6-7,232.0
24938,1980,1980,6-9,225.0
24939,1980,1980,6-10,230.0
24940,2015,2018,6-4,210.0
24941,1991,1993,6-4,190.0
24942,1990,1993,5-11,153.0
24943,1981,1981,6-4,190.0
24944,1982,1992,6-6,190.0
24945,1994,1999,6-8,215.0
24946,1996,1997,6-1,185.0
24947,1999,2001,6-9,230.0
24948,1996,1997,6-5,210.0
24949,1980,1985,6-6,225.0
24950,1992,1995,7-2,260.0
24951,1990,1997,6-11,230.0
24952,2007,2009,6-6,185.0
24953,2002,2015,6-9,220.0
24954,2015,2015,7-0,245.0
24955,1987,1987,6-9,235.0
24956,1984,1995,6-11,250.0
24957,1997,2005,6-5,179.0
24958,2018,2018,6-10,220.0
24959,1986,2000,6-11,255.0
24960,2006,2013,6-8,245.0
24961,2005,2005,6-0,180.0
24962,2012,2017,6-3,189.0
24963,1998,2009,5-10,173.0
24964,1991,1999,6-1,175.0
24965,1997,2003,7-0,235.0
24966,1988,1993,6-4,210.0
24967,1986,1996,7-0,250.0
24968,1983,1985,6-9,240.0
24969,2018,2018,6-7,185.0
24970,1990,1991,6-9,225.0
24971,2006,2007,6-9,203.0
24972,2004,2018,6-7,212.0
24973,2009,2018,7-0,265.0
24974,1980,1980,6-9,220.0
24975,2013,2014,7-0,260.0
24976,1981,1981,6-4,175.0
24977,2005,2011,7-0,240.0
24978,1987,1997,6-9,220.0
24979,1984,1984,6-10,230.0
24980,1994,2006,6-10,192.0
24981,2009,2009,6-9,232.0
24982,2005,2005,6-6,200.0
24983,2018,2018,6-9,220.0
24984,2014,2015,7-1,251.0
24985,2017,2018,6-9,215.0
24986,2017,2018,6-11,225.0
24987,1993,2005,6-11,235.0
24988,2010,2010,6-2,190.0
24989,1999,2008,6-11,240.0
24990,1981,1994,6-11,245.0
24991,2013,2014,6-4,210.0
24992,2013,2018,6-5,185.0
24993,1982,1989,6-6,195.0
24994,2004,2006,6-11,275.0
24995,1987,1987,6-10,230.0
24996,2003,2004,6-7,227.0
24997,2008,2016,6-9,248.0
24998,2010,2010,6-7,230.0
24999,1989,1993,6-6,230.0
25000,1989,2000,6-11,245.0
25001,1995,2000,6-8,205.0
25002,2007,2007,6-10,285.0
25003,2000,2002,6-3,197.0
25004,2008,2008,6-4,215.0
25005,2001,2004,6-11,220.0
25006,2017,2017,6-4,180.0
25007,2014,2018,5-11,175.0
25008,1998,2004,6-2,210.0
25009,2008,2008,6-8,215.0
25010,1997,1998,7-4,325.0
25011,2015,2018,6-11,220.0
25012,2015,2017,6-5,189.0
25013,2008,2011,6-3,195.0
25014,2011,2011,6-9,234.0
25015,1981,1981,7-0,228.0
25016,1998,1998,6-11,240.0
25017,2010,2017,5-11,195.0
25018,2017,2018,6-9,210.0
25019,2018,2018,6-10,222.0
25020,1980,1989,6-1,170.0
25021,1990,1990,6-2,180.0
25022,1989,1997,6-11,265.0
25023,2014,2015,6-7,195.0
25024,2009,2018,6-5,200.0
25025,2006,2017,6-9,245.0
25026,1992,1995,6-5,200.0
25027,1986,1989,6-10,215.0
25028,1991,1991,6-3,190.0
25029,2012,2015,6-5,200.0
25030,1982,1982,6-10,220.0
25031,1990,2000,6-4,200.0
25032,2014,2018,7-1,260.0
25033,1996,2006,6-4,205.0
25034,1990,1992,7-1,250.0
25035,2012,2018,6-7,230.0
25036,2013,2018,7-1,245.0
25037,1989,1995,5-11,165.0
25038,2012,2012,6-4,205.0
25039,1981,1986,6-2,175.0
25040,1990,1991,6-3,170.0
25041,2012,2018,6-10,228.0
25042,1983,1994,6-3,170.0
25043,2017,2018,6-7,203.0
25044,1983,1995,6-8,210.0
25045,1996,1996,6-10,235.0
25046,1996,1997,6-5,210.0
25047,2000,2004,6-7,215.0
25048,1988,1990,6-6,200.0
25049,1999,2014,6-10,215.0
25050,1988,1993,6-7,195.0
25051,1991,1994,6-8,205.0
25052,1990,1994,6-4,205.0
25053,2012,2018,6-6,209.0
25054,2013,2018,6-3,195.0
25055,2011,2018,6-3,200.0
25056,1983,1984,6-9,225.0
25057,1982,1998,7-0,240.0
25058,1997,2007,6-4,209.0
25059,2005,2018,6-7,192.0
25060,1997,1998,6-11,285.0
25061,1982,1990,6-6,205.0
25062,1989,1989,6-9,225.0
25063,1984,1984,6-9,245.0
25064,1991,1991,6-8,240.0
25065,1982,1984,6-6,205.0
25066,1988,1998,6-11,230.0
25067,2001,2003,6-9,250.0
25068,1989,2003,6-8,225.0
25069,2017,2017,6-9,255.0
25070,1992,2001,7-2,265.0
25071,2016,2018,6-9,220.0
25072,2009,2018,7-0,275.0
25073,1999,2002,6-5,199.0
25074,2004,2005,6-1,170.0
25075,2009,2018,7-0,255.0
25076,1995,1995,6-4,190.0
25077,2009,2018,6-10,251.0
25078,1984,1990,6-0,195.0
25079,2007,2018,6-0,205.0
25080,2015,2015,6-1,195.0
25081,2006,2017,5-11,166.0
25082,1999,2009,6-0,175.0
25083,2017,2018,6-6,205.0
25084,2018,2018,6-10,215.0
25085,2016,2018,6-10,234.0
25086,1994,2005,6-8,218.0
25087,1992,1993,6-5,195.0
25088,2017,2017,6-5,200.0
25089,2000,2003,7-0,280.0
25090,2013,2013,6-1,205.0
25091,2006,2006,6-4,214.0
25092,1980,1982,6-3,185.0
25093,1993,2002,6-7,220.0
25094,2012,2018,6-3,203.0
25095,1994,1994,6-9,248.0
25096,1982,1984,6-7,205.0
25097,2012,2012,6-10,227.0
25098,1993,2001,6-10,235.0
25099,1992,1999,6-5,185.0
25100,1981,1987,6-3,175.0
25101,2003,2003,6-4,190.0
25102,1994,1998,6-4,200.0
25103,2001,2009,6-9,240.0
25104,2018,2018,6-1,160.0
25105,2000,2013,6-6,218.0
25106,1983,1983,6-8,202.0
25107,2001,2012,6-11,259.0
25108,2008,2018,6-11,250.0
25109,1981,1999,6-10,240.0
25110,1989,2002,6-6,215.0
25111,2007,2007,6-7,200.0
25112,2017,2018,7-1,216.0
25113,1984,1996,6-4,205.0
25114,1986,2004,6-9,250.0
25115,1997,2003,6-3,192.0
25116,1980,1980,6-10,230.0
25117,1989,2003,6-10,230.0
25118,1996,1997,6-11,253.0
25119,1984,1989,6-7,190.0
25120,2015,2016,6-6,200.0
25121,1990,1994,6-6,190.0
25122,1997,2009,6-2,180.0
25123,1990,1997,6-5,200.0
25124,2000,2015,6-7,220.0
25125,2016,2018,7-3,290.0
25126,2018,2018,7-0,230.0
25127,2007,2007,6-10,225.0
25128,1999,2011,6-10,250.0
25129,1996,2003,6-7,230.0
25130,1995,2009,6-9,218.0
25131,2013,2016,6-4,200.0
25132,2006,2007,6-9,190.0
25133,1986,1988,6-7,205.0
25134,1994,1995,7-0,250.0
25135,1986,1986,6-9,212.0
25136,2009,2015,6-7,220.0
25137,1996,1997,6-5,213.0
25138,1995,2008,5-11,170.0
25139,1987,1987,6-9,220.0
25140,2016,2018,6-10,239.0
25141,1990,1991,6-5,195.0
25142,2001,2015,6-9,234.0
25143,2005,2016,6-7,199.0
25144,1987,1988,6-6,200.0
25145,1994,2004,6-8,240.0
25146,1990,2003,6-7,250.0
25147,2001,2010,6-7,224.0
25148,2018,2018,6-0,189.0
25149,2003,2014,6-5,200.0
25150,1991,2005,6-9,220.0
25151,2018,2018,6-10,230.0
25152,1981,1990,6-1,170.0
25153,2010,2018,6-5,220.0
25154,1993,1994,6-8,250.0
25155,2006,2015,6-7,260.0
25156,1989,2001,6-4,180.0
25157,2006,2010,6-9,266.0
25158,1993,1999,6-1,172.0
25159,1992,1992,6-3,175.0
25160,1981,1981,6-7,205.0
25161,2010,2014,6-3,175.0
25162,2009,2016,6-5,210.0
25163,1991,1993,6-2,190.0
25164,2009,2018,6-8,230.0
25165,2015,2018,6-9,230.0
25166,2014,2016,6-3,190.0
25167,1990,1998,6-6,244.0
25168,1990,1990,6-8,240.0
25169,2006,2009,6-4,207.0
25170,1999,1999,6-7,200.0
25171,1997,2006,6-10,230.0
25172,1997,2004,6-11,235.0
25173,2017,2018,6-7,185.0
25174,1986,1986,6-6,185.0
25175,2001,2001,7-0,270.0
25176,1990,2002,6-6,205.0
25177,2014,2018,6-3,190.0
25178,2016,2018,6-2,200.0
25179,1981,1981,6-7,210.0
25180,1985,1992,6-11,240.0
25181,1999,2008,6-10,245.0
25182,2007,2007,6-5,192.0
25183,1984,1993,6-7,220.0
25184,1984,1987,6-9,215.0
25185,2016,2018,6-11,200.0
25186,1982,1982,6-4,190.0
25187,1996,1996,6-4,180.0
25188,1986,1998,6-7,205.0
25189,2015,2017,6-6,205.0
25190,2015,2018,6-8,225.0
25191,1986,1989,6-8,210.0
25192,1998,1998,6-10,232.0
25193,1982,1987,6-9,215.0
25194,1996,2011,6-9,220.0
25195,2007,2007,6-8,240.0
25196,2015,2016,6-10,255.0
25197,2009,2018,7-0,270.0
25198,1982,1990,6-5,190.0
25199,1998,2012,6-8,210.0
25200,2017,2017,6-4,205.0
25201,2008,2013,6-9,220.0
25202,1981,1993,6-10,210.0
25203,1995,2001,7-1,240.0
25204,1997,2008,6-4,190.0
25205,1982,1988,6-5,195.0
25206,1987,1987,6-7,200.0
25207,1988,2002,6-9,205.0
25208,1995,2007,6-5,209.0
25209,1990,1992,6-4,190.0
25210,2018,2018,6-8,215.0
25211,2014,2018,6-5,195.0
25212,2004,2007,6-2,188.0
25213,1999,2001,6-8,221.0
25214,1987,1998,6-5,195.0
25215,1983,1991,6-11,235.0
25216,2015,2015,6-3,200.0
25217,1986,1988,6-7,210.0
25218,2001,2001,6-4,210.0
25219,1987,1987,6-11,235.0
25220,2016,2017,6-6,185.0
25221,2008,2017,6-10,240.0
25222,2001,2007,6-10,250.0
25223,1994,1995,6-5,175.0
25224,2010,2018,6-4,210.0
25225,1990,1991,6-10,225.0
25226,2016,2018,7-1,245.0
25227,2014,2015,6-3,191.0
25228,2013,2013,7-0,255.0
25229,2007,2011,6-9,240.0
25230,1998,2005,6-7,210.0
25231,1996,1999,6-10,257.0
25232,1984,1985,6-9,220.0
25233,2016,2018,6-8,235.0
25234,2013,2018,6-8,234.0
25235,2001,2009,7-0,265.0
25236,2006,2006,6-1,175.0
25237,2006,2018,6-6,225.0
25238,2001,2009,6-9,210.0
25239,1998,1999,6-6,235.0
25240,2004,2013,7-0,250.0
25241,2000,2016,6-3,200.0
25242,1995,2005,6-9,225.0
25243,1984,1984,6-10,230.0
25244,1999,2012,6-11,244.0
25245,2013,2018,6-8,235.0
25246,1981,1981,6-6,215.0
25247,2018,2018,6-7,210.0
25248,2001,2017,6-8,218.0
25249,1993,2004,6-9,280.0
25250,2013,2015,6-9,210.0
25251,1988,2005,6-7,185.0
25252,1994,2003,6-6,215.0
25253,2010,2018,6-0,185.0
25254,1991,2001,6-10,230.0
25255,2015,2017,6-6,225.0
25256,2007,2018,6-8,246.0
25257,1993,1996,6-5,210.0
25258,2003,2011,7-6,310.0
25259,1986,1988,6-3,180.0
25260,1995,1999,6-6,210.0
25261,2015,2018,6-10,220.0
25262,2000,2000,6-2,175.0
25263,2018,2018,6-3,211.0
25264,1990,2002,6-6,210.0
25265,1989,1989,6-7,205.0
25267,2014,2014,6-6,216.0
25267,2014,2014,6-8,235.0
25268,1999,2009,6-4,190.0
25269,1995,1997,6-11,235.0
25270,1999,2016,6-10,221.0
25271,2001,2005,6-10,235.0
25272,1980,1991,7-0,250.0
25273,1980,1991,6-3,180.0
25274,2006,2006,6-8,220.0
25275,2018,2018,6-3,200.0
25276,2011,2018,6-11,265.0
25277,1992,1992,6-3,185.0
25278,2016,2016,6-7,185.0
25279,1995,2002,7-0,270.0
25280,2008,2012,6-8,205.0
25281,1988,1988,6-9,215.0
25282,2012,2018,6-4,191.0
25283,1981,1990,6-1,175.0
25284,1981,1983,6-1,170.0
25285,1999,2012,6-11,225.0
25286,1988,1988,7-0,260.0
25287,1992,1997,6-4,200.0
25288,2015,2018,6-10,238.0
25289,1983,1983,6-8,205.0
25290,1994,1994,6-10,235.0
25291,1989,1999,6-8,210.0
25292,2012,2015,6-4,190.0
25293,1993,1993,6-8,229.0
25294,2012,2018,6-9,235.0
25295,2012,2018,6-10,245.0
25296,2018,2018,6-3,175.0
25297,2007,2010,6-10,266.0
25298,2002,2006,6-9,221.0
25299,2007,2010,6-8,205.0
25300,1990,1990,6-4,195.0
25301,2009,2017,6-5,210.0
25302,1995,1995,6-7,195.0
25303,1990,1992,6-3,180.0
25304,1989,1989,6-3,190.0
25305,1986,1987,6-2,185.0
25306,1996,1998,6-5,185.0
25307,2013,2017,7-0,222.0
25308,2018,2018,6-9,238.0
25309,2001,2002,6-11,247.0
25310,2013,2014,6-11,249.0
25311,1993,2008,6-10,240.0
25312,2011,2018,7-1,275.0
25313,2016,2018,6-5,200.0
25314,2014,2018,6-6,223.0
25315,2010,2014,7-0,275.0
25316,1986,2001,6-6,200.0
25317,1996,1996,7-0,250.0
25318,2016,2016,6-2,180.0
25319,1991,1991,6-9,225.0
25320,1992,2000,6-1,190.0
25321,1994,2000,7-7,303.0
25322,2014,2014,6-10,230.0
25323,1985,1988,6-9,220.0
25324,2013,2013,6-5,185.0
25325,1988,1988,6-5,225.0
25326,1988,1994,6-9,220.0
25327,2002,2013,6-11,245.0
25328,2017,2018,6-5,170.0
25329,2017,2018,6-4,207.0
25330,1995,2006,6-7,236.0
25331,2003,2010,6-4,190.0
25332,1993,2004,6-7,225.0
25333,2014,2015,6-5,195.0
25334,2014,2018,6-11,240.0
25335,1991,1994,6-10,238.0
25336,1992,2009,7-2,245.0
25337,1997,1998,6-9,235.0
25338,1987,1998,6-6,180.0
25339,2011,2014,7-0,235.0
25340,1999,1999,6-8,245.0
25341,2001,2005,7-0,255.0
25342,2006,2006,7-0,198.0
25343,2003,2008,6-9,221.0
25344,2018,2018,6-6,230.0
25345,2001,2006,6-9,238.0
25346,2001,2012,6-8,240.0
25348,1982,1994,6-10,205.0
25348,2016,2018,6-9,230.0
25349,2015,2018,6-1,175.0
25350,1997,2014,6-3,195.0
25351,1996,1996,5-11,175.0
25352,1980,1990,6-6,220.0
25353,1981,1985,6-3,185.0
25354,2008,2008,6-3,170.0
25355,2017,2017,6-9,200.0
25356,1989,1991,6-5,165.0
25357,2011,2017,6-4,210.0
25358,1983,1993,6-7,238.0
25359,2014,2014,6-3,192.0
25360,2009,2009,6-4,200.0
25361,2005,2018,6-0,190.0
25362,1997,1997,6-3,208.0
25363,1999,2002,6-6,225.0
25364,1988,1988,7-2,260.0
25365,1999,2010,7-0,248.0
25366,2016,2018,6-1,179.0
25367,1983,1994,7-5,217.0
25368,1993,1993,6-4,200.0
25369,1995,1998,6-9,245.0
25370,2001,2008,6-7,220.0
25371,1987,2002,6-7,190.0
25372,2017,2017,6-8,230.0
25373,2008,2009,6-8,216.0
25374,2013,2017,6-9,250.0
25375,1997,1997,6-3,190.0
25376,1981,1983,6-1,175.0
25377,1981,1981,6-6,225.0
25378,1982,1990,6-10,218.0
25379,1990,1990,6-7,210.0
25380,2008,2018,6-11,230.0
25381,2005,2012,6-7,225.0
25382,2007,2007,6-6,230.0
25383,2015,2018,6-11,228.0
25384,2015,2018,7-0,241.0
25385,1998,1998,6-7,225.0
25386,1988,1997,6-8,215.0
25387,1983,1985,6-9,230.0
25388,1997,2006,6-1,175.0
25389,1980,1980,6-11,220.0
25390,2007,2017,6-10,225.0
25391,1999,2018,7-0,245.0
25392,2018,2018,6-5,190.0
25393,2014,2014,6-7,205.0
25394,2015,2018,7-0,280.0
25395,1987,1987,6-2,170.0
25396,2017,2018,6-4,209.0
25397,1995,1995,6-10,255.0
25398,1998,1999,6-5,209.0
25399,1996,1997,6-8,222.0
25400,2016,2016,6-7,228.0
25401,2015,2018,6-9,257.0
25402,2007,2010,7-0,260.0
25403,1981,1988,6-7,207.0
25404,1997,2014,6-11,226.0
25405,1993,2011,7-1,325.0
25406,2018,2018,6-6,215.0
25407,2013,2018,6-10,250.0
25408,1991,1996,6-10,250.0
25409,1986,2004,6-8,225.0
25410,2006,2011,6-10,245.0
25411,2017,2017,6-11,245.0
25412,2009,2014,7-0,250.0
25413,2000,2013,6-10,220.0
25414,1991,1993,7-2,240.0
25415,2013,2013,6-11,255.0
25416,2018,2018,6-7,241.0
25417,2005,2013,6-10,252.0
25418,2016,2018,6-11,275.0
25419,2003,2012,6-11,249.0
25420,2014,2018,6-4,210.0
25421,1985,2002,7-0,255.0
25422,1981,1991,7-0,215.0
25423,1991,1998,6-4,210.0
25424,2002,2003,5-11,180.0
25425,1992,1999,6-5,205.0
25426,1998,2010,6-4,195.0
25427,1999,2007,7-0,269.0
25428,2014,2018,7-0,238.0
25429,2014,2017,6-9,255.0
25430,2017,2017,6-10,245.0
25431,1981,1988,6-8,175.0
25432,1989,1990,6-10,225.0
25433,2012,2014,6-10,255.0
25434,2018,2018,6-8,210.0
25435,1996,2006,7-2,280.0
25436,1993,1993,6-2,165.0
25437,2016,2018,6-7,205.0
25438,1994,2008,6-8,210.0
25439,2004,2014,6-9,210.0
25440,1993,2004,6-3,190.0
25441,2006,2008,6-4,200.0
25442,1992,2001,6-8,220.0
25443,2003,2003,6-7,245.0
25444,1992,1992,6-7,225.0
25445,2011,2012,6-7,210.0
25446,1997,1997,6-9,224.0
25447,2001,2003,6-10,240.0
25448,2004,2018,6-11,270.0
25449,1992,2004,6-2,180.0
25450,1991,1994,6-7,205.0
25451,2000,2007,6-9,240.0
25452,2018,2018,6-1,175.0
25453,2000,2006,6-3,195.0
25454,1991,1993,7-1,215.0
25455,2001,2001,6-9,222.0
25456,2017,2018,7-1,240.0
25457,2015,2016,6-8,225.0
25458,2003,2015,6-1,175.0
25459,2012,2013,6-2,219.0
25460,1998,2012,6-6,215.0
25461,2015,2017,6-8,250.0
25462,2003,2008,6-4,190.0
25463,2002,2018,6-2,185.0
25464,1996,2004,6-11,235.0
25465,2012,2018,6-10,230.0
25466,1990,1990,6-9,215.0
25467,1981,1981,6-8,220.0
25468,1999,2000,6-9,238.0
25469,2016,2017,6-5,225.0
25470,2011,2018,6-9,230.0
25471,1999,2008,6-5,224.0
25472,2018,2018,6-4,200.0
25473,2006,2018,6-0,175.0
25474,2004,2013,6-8,220.0
25475,1980,1990,6-6,200.0
25476,1984,1994,6-2,185.0
25477,2015,2018,6-10,237.0
25478,2016,2017,6-3,185.0
25479,1990,1993,6-8,195.0
25480,2015,2018,6-4,185.0
25482,1991,2007,6-4,180.0
25482,2017,2018,6-3,190.0
25483,2008,2010,7-0,232.0
25484,1980,1980,6-7,220.0
25485,1993,2005,6-4,208.0
25486,2011,2016,6-11,307.0
25487,1980,1983,6-9,225.0
25488,2001,2002,6-3,185.0
25489,2004,2004,6-7,245.0
25490,2004,2005,6-5,220.0
25491,1994,1996,6-10,270.0
25492,1989,2001,7-0,240.0
25493,2004,2016,6-10,270.0
25494,1985,2001,6-9,235.0
25495,2008,2008,7-2,240.0
25496,2018,2018,6-2,200.0
25497,1992,2002,6-0,150.0
25498,1989,1996,6-9,200.0
25499,1987,2000,6-8,220.0
25500,1995,2005,6-6,195.0
25501,2018,2018,6-9,232.0
25502,1985,1992,6-10,235.0
25503,2001,2011,6-7,218.0
25504,2006,2013,7-0,247.0
25505,1990,1993,6-5,195.0
25506,1994,1994,6-10,260.0
25507,1995,1995,6-4,181.0
25508,1986,1988,6-4,180.0
25509,1983,1983,6-7,225.0
25510,1992,2000,6-5,210.0
25511,1995,2008,6-7,215.0
25512,1999,2017,6-7,235.0
25513,1983,1998,6-4,205.0
25514,2004,2013,6-6,215.0
25515,1986,1997,6-9,195.0
25516,2007,2007,6-10,245.0
25517,1984,1984,6-8,230.0
25518,1984,1984,7-1,240.0
25519,1988,2004,6-8,210.0
25520,1983,1986,6-8,220.0
25521,2011,2014,6-11,308.0
25522,2004,2006,6-7,195.0
25523,2016,2016,7-3,256.0
25524,2017,2017,7-0,250.0
25525,2014,2018,6-11,245.0
25526,2013,2018,6-11,249.0
25527,1985,1993,6-9,215.0
25528,2005,2006,7-5,260.0
25529,2017,2018,7-0,248.0
25530,1987,1987,6-5,180.0
25531,1998,2008,6-11,265.0
25532,1988,2004,6-11,220.0
25533,2011,2018,6-7,220.0
25534,1985,1986,6-7,220.0
25535,1998,2005,6-10,235.0
25536,1989,1992,6-10,220.0
25537,2001,2001,6-7,218.0
25538,2014,2018,6-8,198.0
25539,1986,2002,6-3,195.0
25540,2016,2018,6-11,230.0
25541,2016,2018,7-3,240.0
25542,2000,2011,6-8,215.0
25543,2001,2003,6-5,215.0
25544,1997,2007,6-10,280.0
25545,2007,2011,6-8,240.0
25546,2015,2018,6-11,240.0
25547,2006,2014,6-9,225.0
25548,2008,2008,6-7,215.0
25549,2016,2018,6-4,215.0
25550,2007,2007,6-6,235.0
25551,2017,2018,6-7,238.0
25552,1983,1993,6-5,185.0
25553,2014,2016,5-11,175.0
25554,1989,1989,6-2,170.0
25555,1987,1990,6-7,210.0
25556,2010,2015,6-2,181.0
25557,1993,2002,6-1,165.0
25558,1987,1998,6-0,170.0
25559,2006,2017,6-2,190.0
25560,1981,1981,6-6,190.0
25561,2013,2016,6-3,185.0
25562,2003,2016,6-9,212.0
25563,1991,1996,6-3,180.0
25564,2000,2006,6-5,204.0
25565,2008,2009,6-4,170.0
25566,2001,2013,7-1,255.0
25567,1993,1993,6-10,245.0
25568,2018,2018,6-1,200.0
25569,2018,2018,7-1,210.0
25570,2017,2017,6-6,195.0
25571,2007,2013,6-2,185.0
25572,1990,1992,6-8,235.0
25573,2018,2018,6-10,220.0
25574,1982,1983,6-4,190.0
25575,1994,1997,6-11,225.0
25576,2002,2013,6-10,227.0
25577,2000,2005,7-3,250.0
25578,2014,2015,7-0,250.0
25579,1982,1983,6-7,190.0
25580,2003,2003,6-3,183.0
25581,1982,1995,6-8,213.0
25582,2005,2005,7-3,275.0
25583,1992,1995,6-8,235.0
25584,2017,2017,6-2,185.0
25585,2015,2018,6-9,250.0
25586,2009,2014,6-10,205.0
25587,2006,2015,6-10,240.0
25588,2002,2018,6-9,260.0
25589,1981,1981,6-6,220.0
25590,1981,1986,6-1,170.0
25591,1986,1993,7-0,250.0
25592,1996,2011,6-10,225.0
25593,2011,2011,6-4,190.0
25594,1984,1985,6-8,215.0
25595,2007,2007,6-2,190.0
25596,1981,1983,6-8,215.0
25597,2002,2006,7-0,257.0
25598,1995,2002,6-3,190.0
25599,2001,2012,6-6,220.0
25600,2007,2018,6-4,190.0
25601,2005,2007,6-8,240.0
25602,2016,2018,6-10,220.0
25603,1996,2001,7-0,275.0
25604,1995,2000,6-3,199.0
25605,1981,1981,6-5,190.0
25606,1996,2003,6-8,250.0
25607,1990,2001,6-9,247.0
25608,2012,2012,6-8,232.0
25609,2005,2007,6-11,255.0
25610,1988,1988,6-6,230.0
25611,1996,1996,6-3,185.0
25612,2003,2003,6-11,250.0
25613,1996,1999,6-1,195.0
25614,1986,1996,6-8,200.0
25615,1998,2000,6-6,225.0
25617,1990,2004,6-7,215.0
25617,2014,2015,6-6,206.0
25618,2008,2010,6-9,270.0
25619,1980,1987,6-3,195.0
25620,2002,2015,6-6,220.0
25621,2007,2009,6-6,185.0
25622,2016,2018,6-6,200.0
25623,2017,2018,6-6,205.0
25624,2002,2002,6-5,190.0
25625,1990,1999,6-1,180.0
25626,2001,2013,6-6,223.0
25627,1989,2002,6-5,215.0
25628,1994,2002,6-5,215.0
25629,2004,2015,6-2,175.0
25630,2003,2003,6-7,210.0
25631,1994,1999,7-0,245.0
25632,1989,1989,6-10,260.0
25633,2013,2018,6-4,200.0
25634,1989,1992,6-0,170.0
25635,1984,1996,6-4,185.0
25636,2014,2018,6-7,210.0
25637,2006,2009,6-2,180.0
25638,2001,2001,6-7,215.0
25639,2013,2017,6-1,173.0
25640,1984,1997,6-10,218.0
25641,2006,2007,6-9,240.0
25642,1992,2000,7-0,285.0
25643,1985,1996,6-3,185.0
25644,2000,2000,6-5,190.0
25645,2005,2007,6-6,210.0
25646,1997,1998,6-5,200.0
25647,1980,1992,6-9,220.0
25648,1990,2007,6-10,225.0
25649,1990,2003,7-1,235.0
25650,2000,2004,6-8,210.0
25652,1995,2005,6-7,225.0
25652,2015,2017,6-6,222.0
25653,2001,2001,6-7,212.0
25654,1994,2001,6-2,180.0
25655,1991,2002,6-3,180.0
25656,2006,2016,5-9,180.0
25657,1983,1983,6-4,180.0
25658,1991,1997,6-2,195.0
25659,2013,2017,6-10,237.0
25660,1981,1981,6-8,217.0
25661,1987,2000,6-7,210.0
25662,2007,2017,6-3,176.0
25663,1996,1997,6-7,220.0
25664,1995,2002,6-11,220.0
25665,1987,1988,6-10,225.0
25666,1994,2005,6-7,235.0
25667,1997,2000,6-10,235.0
25668,1981,1985,6-1,175.0
25669,2007,2018,6-1,186.0
25670,1993,2004,6-10,250.0
25671,2009,2018,6-3,190.0
25672,1995,2007,6-8,210.0
25673,1997,2009,6-7,250.0
25674,1989,1989,6-5,180.0
25675,2005,2011,6-6,195.0
25676,2013,2018,6-7,206.0
25677,1990,1990,6-11,255.0
25678,1988,1990,6-8,212.0
25679,1987,1987,6-5,200.0
25680,1989,1990,6-8,250.0
25681,1986,1986,6-5,195.0
25682,1988,1990,6-9,220.0
25683,2007,2013,6-6,215.0
25684,1990,1998,6-8,210.0
25685,1995,1998,6-11,245.0
25686,2016,2018,6-2,190.0
25687,2012,2018,6-4,194.0
25688,2003,2003,6-11,265.0
25689,1990,1993,6-2,180.0
25690,2015,2017,6-10,228.0
25691,2000,2009,6-9,246.0
25692,1995,1996,6-1,185.0
25693,1982,1993,6-10,240.0
25694,1996,1996,6-9,240.0
25695,2009,2017,6-6,220.0
25696,2003,2010,6-6,215.0
25697,1994,2006,6-7,225.0
25698,2016,2018,6-5,195.0
25700,1983,1988,6-5,195.0
25700,2012,2012,6-0,170.0
25701,1996,2003,7-3,279.0
25702,2017,2018,6-11,240.0
25703,2013,2016,7-0,270.0
25704,1987,2000,6-11,230.0
25705,2003,2015,6-7,210.0
25706,1997,1998,7-0,231.0
25707,2001,2003,7-0,230.0
25708,2008,2009,7-1,245.0
25709,2015,2018,6-9,214.0
25710,2003,2007,6-11,235.0
25711,1984,1992,7-4,228.0
25712,2011,2013,6-9,260.0
25713,2001,2003,6-4,195.0
25714,1990,1993,6-8,225.0
25715,2011,2017,6-11,235.0
25716,2006,2006,6-5,210.0
25717,1983,1993,6-6,210.0
25718,2001,2005,7-1,256.0
25719,1985,1985,6-9,215.0
25720,2017,2018,6-10,223.0
25721,1997,1999,6-7,225.0
25722,2002,2003,6-6,200.0
25723,2017,2018,6-7,210.0
25724,2002,2003,6-2,186.0
25725,2003,2003,6-6,225.0
25726,2002,2012,6-9,241.0
25727,2006,2006,6-4,185.0
25728,1981,1984,6-8,208.0
25729,1982,1999,6-11,235.0
25730,1991,1997,6-9,250.0
25731,1985,1985,6-11,240.0
25732,2006,2007,7-1,255.0
25733,1991,1999,7-1,260.0
25734,1983,1989,6-10,210.0
25735,1986,2001,6-9,214.0
25736,2014,2018,6-1,172.0
25737,1985,1987,6-6,210.0
25738,2008,2017,6-9,240.0
25739,1997,1997,6-10,250.0
25740,1984,1997,6-3,195.0
25741,1991,2000,6-8,229.0
25742,1997,1997,6-6,180.0
25743,2013,2018,6-8,237.0
25744,1997,2002,6-10,250.0
25745,1986,1988,6-7,188.0
25746,1998,1998,6-5,210.0
25747,1993,2000,6-8,190.0
25748,2007,2018,6-7,220.0
25749,1989,1999,6-11,230.0
25750,2012,2013,6-2,183.0
25751,2017,2018,6-5,230.0
25752,1987,1993,7-0,210.0
25753,2007,2009,6-11,230.0
25754,2011,2017,6-9,285.0
25755,2002,2005,6-9,225.0
25756,2008,2018,6-3,190.0
25757,2005,2006,7-3,305.0
25758,1985,1985,6-5,185.0
25759,1989,1999,6-10,225.0
25760,2011,2014,6-3,190.0
25761,1998,1998,6-0,169.0
25762,2009,2009,6-9,245.0
25763,1989,1991,6-11,235.0
25764,1989,2003,6-6,190.0
25765,1999,1999,6-11,260.0
25766,1981,1982,6-7,210.0
25767,2013,2014,6-9,217.0
25768,1999,1999,6-3,190.0
25769,1983,1983,6-2,170.0
25770,2003,2005,6-10,230.0
25771,1990,1990,6-2,200.0
25772,2012,2018,6-5,220.0
25773,2013,2015,6-6,190.0
25774,2017,2018,6-9,230.0
25775,1981,1990,6-1,168.0
25776,2012,2012,6-5,205.0
25777,2011,2011,6-11,305.0
25778,2006,2007,6-9,255.0
25779,2018,2018,6-10,230.0
25780,2002,2012,6-7,210.0
25781,2007,2009,6-9,235.0
25782,2016,2018,6-6,195.0
25783,2018,2018,6-5,166.0
25784,1991,1997,6-7,210.0
25785,1999,1999,6-3,202.0
25786,1995,2002,6-9,248.0
25787,1999,1999,6-4,235.0
25788,2008,2009,6-10,245.0
25789,2013,2016,6-10,248.0
25790,2013,2018,6-8,228.0
25791,2009,2009,6-0,185.0
25792,2012,2014,6-8,230.0
25793,2006,2012,6-8,216.0
25794,1987,1987,6-5,175.0
25795,1985,1985,6-8,210.0
25796,2014,2014,6-0,185.0
25797,1987,1996,6-1,180.0
25798,1999,2012,6-9,255.0
25799,1995,2003,6-7,215.0
25800,1983,1983,6-5,205.0
25801,2003,2005,6-8,215.0
25802,2012,2016,6-3,205.0
25803,2007,2007,6-10,238.0
25804,1985,1985,6-4,200.0
25805,1989,1989,6-1,175.0
25806,2015,2018,6-4,220.0
25809,1989,1997,6-10,230.0
25809,1990,1996,6-1,160.0
25809,1998,2006,6-4,194.0
25811,1993,1995,6-3,190.0
25811,2014,2014,6-2,200.0
25812,1987,1991,6-6,210.0
25813,2007,2012,6-7,250.0
25814,2018,2018,6-3,195.0
25815,1983,1991,6-6,205.0
25816,2005,2006,6-7,215.0
25817,1992,1996,6-10,220.0
25818,2012,2016,6-10,250.0
25819,2011,2018,6-0,175.0
25820,2005,2018,6-6,225.0
25821,2001,2005,6-11,250.0
25822,2008,2018,7-0,245.0
25823,2012,2012,6-2,190.0
25824,1982,1983,6-9,225.0
25825,1996,2011,6-10,225.0
25826,2005,2018,6-9,225.0
25827,1987,1987,6-3,180.0
25828,1988,1997,6-3,170.0
25829,1992,1994,6-3,200.0
25830,1981,1993,6-8,215.0
25831,2002,2004,6-10,235.0
25833,1990,1995,6-10,225.0
25833,1995,2001,6-8,230.0
25834,2001,2001,6-8,195.0
25835,2012,2013,6-2,185.0
25836,1987,1992,6-5,210.0
25837,1993,1994,6-10,240.0
25838,2015,2016,6-0,165.0
25839,1992,2005,6-7,200.0
25840,2007,2007,6-8,235.0
25841,1997,1997,6-2,208.0
25842,2004,2005,6-8,225.0
25843,1991,2001,6-3,185.0
25844,1989,2000,7-4,250.0
25845,1986,1992,7-0,250.0
25846,2014,2018,6-7,200.0
25847,1996,2008,6-3,190.0
25848,2005,2008,6-6,225.0
25849,2002,2009,6-1,185.0
25850,2004,2011,6-9,248.0
25851,2014,2014,6-8,215.0
25852,2005,2007,6-10,250.0
25853,1980,1984,6-5,190.0
25854,2007,2007,6-4,195.0
25855,1981,1992,6-2,175.0
25856,2009,2018,6-10,255.0
25857,1993,1994,6-6,210.0
25858,1993,1997,7-0,270.0
25859,1991,2002,7-0,265.0
25860,2011,2017,6-11,245.0
25861,1993,2005,6-5,190.0
25862,1982,1986,6-7,230.0
25863,1999,2000,6-11,215.0
25864,1996,2013,6-6,218.0
25865,1985,1987,6-5,170.0
25866,1989,2002,6-3,180.0
25867,2015,2018,6-6,205.0
25868,1997,1997,6-7,225.0
25869,1999,2004,7-0,236.0
25870,2014,2014,6-5,188.0
25871,1989,1991,6-2,175.0
25872,1997,2000,6-7,210.0
25873,2011,2018,6-5,230.0
25874,2016,2016,6-10,270.0
25875,1983,1989,6-5,195.0
25876,1993,1993,6-5,195.0
25877,2001,2013,6-5,210.0
25878,1998,1998,6-8,239.0
25879,1992,1997,6-8,220.0
25880,1998,2005,6-10,230.0
25881,2012,2015,6-11,260.0
25882,1984,1988,6-11,245.0
25883,1993,2002,6-5,208.0
25884,1986,1993,6-8,220.0
25885,2015,2015,5-11,165.0
25886,1985,2003,6-1,170.0
25887,1999,2011,6-9,220.0
25888,1998,1998,7-0,264.0
25889,1986,1990,6-10,220.0
25890,2015,2017,6-9,263.0
25891,2017,2017,6-11,255.0
25892,2012,2018,6-6,200.0
25893,2005,2008,6-6,222.0
25894,1996,2008,5-10,171.0
25895,2006,2008,6-1,179.0
25896,2003,2016,6-10,245.0
25897,2008,2008,6-5,201.0
25898,1997,2005,6-3,210.0
25899,1995,2003,6-9,210.0
25900,1989,2005,6-3,175.0
25901,1988,1989,6-10,260.0
25902,1992,2001,6-8,220.0
25903,1992,1993,6-4,190.0
25904,1981,1981,6-7,215.0
25905,2008,2017,6-5,210.0
25906,2013,2017,6-9,260.0
25907,2010,2013,6-8,230.0
25908,1989,1989,6-11,215.0
25909,1999,2005,7-2,220.0
25910,1984,1992,6-2,170.0
25911,1996,2005,6-5,200.0
25912,1984,1985,6-3,190.0
25913,1992,1996,6-2,170.0
25914,2018,2018,6-8,250.0
25915,2004,2007,6-8,275.0
25916,2005,2009,7-0,245.0
25917,2001,2009,6-9,225.0
25918,1995,1995,6-5,230.0
25919,2011,2011,6-7,225.0
25920,1996,1996,6-9,255.0
25921,1997,1997,6-11,230.0
25922,2000,2009,6-7,244.0
25923,1995,2001,7-0,245.0
25924,2005,2005,5-9,165.0
25925,2006,2006,6-10,260.0
25926,2001,2001,6-10,260.0
25927,1987,1995,6-11,230.0
25928,2018,2018,6-8,205.0
25929,2016,2017,7-3,260.0
25930,1989,1989,6-4,175.0
25931,2006,2007,6-6,180.0
25932,2017,2018,6-3,170.0
25933,1990,1990,6-3,190.0
25934,1983,1987,6-4,175.0
25935,2013,2015,6-7,225.0
25936,2010,2011,6-4,210.0
25937,1998,2000,6-9,220.0
25938,1990,1990,6-8,220.0
25939,1998,2007,6-9,260.0
25940,2009,2009,6-2,165.0
25941,2013,2014,6-3,185.0
25942,1983,1983,6-5,180.0
25943,1983,1993,6-5,195.0
25944,2010,2018,6-2,186.0
25945,2013,2014,6-2,189.0
25946,2013,2018,6-9,242.0
25947,2005,2015,6-0,165.0
25948,2010,2018,6-6,195.0
25949,2018,2018,6-5,196.0
25950,1981,1983,6-5,210.0
25951,2000,2018,6-2,185.0
25952,2010,2014,7-3,263.0
25953,2018,2018,6-9,215.0
25954,1985,1986,6-7,210.0
25955,1983,1987,6-7,195.0
25956,2014,2014,6-7,200.0
25957,2005,2008,6-4,208.0
25958,1992,1998,6-4,175.0
25959,1992,1992,6-3,175.0
25960,2002,2011,6-9,256.0
25961,1991,1991,6-8,225.0
25962,2012,2017,5-9,185.0
25963,1982,1994,6-1,180.0
25964,2000,2001,6-6,215.0
25965,2005,2006,6-8,235.0
25966,1984,1991,6-3,190.0
25967,1998,2006,6-9,265.0
25968,2000,2010,6-7,261.0
25969,1996,2013,6-9,230.0
25970,2012,2018,6-8,235.0
25971,2012,2015,6-9,225.0
25972,1998,2010,6-10,230.0
25973,2007,2015,6-9,215.0
25974,2012,2012,6-10,245.0
25975,1985,1989,6-6,210.0
25976,1987,1992,6-7,195.0
25977,1995,1998,6-4,193.0
25978,1983,1983,6-8,225.0
25979,2006,2007,6-7,195.0
25980,2014,2017,6-8,206.0
25981,2009,2016,6-11,250.0
25982,1994,1994,6-11,260.0
25983,2012,2018,6-7,215.0
25984,1983,1997,6-10,245.0
25985,2012,2012,6-6,211.0
25986,1984,1986,6-6,210.0
25987,1992,1992,6-4,185.0
25988,2012,2018,6-9,238.0
25989,2008,2011,6-8,220.0
25990,1986,1996,6-10,225.0
25991,2010,2017,6-4,205.0
25992,2018,2018,6-5,212.0
25993,1985,2001,6-9,225.0
25994,1984,1997,6-2,175.0
25995,1983,1984,6-11,215.0
25996,2002,2014,6-3,195.0
25997,1986,1997,6-9,240.0
25998,2017,2017,7-0,260.0
25999,1982,1989,6-9,225.0
26000,1989,1995,6-7,235.0
26001,2009,2018,6-8,240.0
26002,1981,1988,6-3,178.0
26003,1986,1994,6-2,178.0
26004,1991,1996,6-6,210.0
26005,1980,1980,6-9,210.0
26006,2002,2003,6-6,210.0
26007,2016,2017,6-7,197.0
26008,1994,1997,6-11,250.0
26009,1983,1985,6-7,190.0
26010,2016,2018,7-0,244.0
26011,1999,2005,6-8,284.0
26012,1996,2004,6-8,250.0
26013,2002,2004,6-4,200.0
26014,1982,1991,6-6,220.0
26015,2003,2004,7-2,240.0
26016,2001,2007,7-2,285.0
26017,2003,2006,7-0,225.0
26018,2008,2010,6-6,205.0
26019,1995,1995,6-8,220.0
26020,2007,2018,6-6,245.0
26021,1983,1993,6-5,193.0
26022,2006,2015,6-10,249.0
26023,2000,2000,6-9,236.0
26024,2001,2015,6-10,220.0
26025,1987,1992,5-11,160.0
26026,1982,1989,6-5,190.0
26027,2011,2018,6-7,220.0
26028,1990,1995,6-7,200.0
26029,1985,1996,6-9,230.0
26030,1992,1992,6-8,245.0
26031,2016,2018,6-11,243.0
26032,2000,2000,6-2,190.0
26033,1985,1990,6-11,240.0
26034,1995,1995,6-1,185.0
26035,2012,2014,6-10,260.0
26036,2012,2012,6-6,204.0
26037,2011,2018,6-10,240.0
26038,2004,2011,6-6,215.0
26039,2005,2017,6-3,205.0
26040,2009,2010,6-5,183.0
26041,2017,2018,5-10,150.0
26042,1989,1991,6-2,180.0
26043,2017,2017,6-9,221.0
26044,2011,2012,6-3,205.0
26045,2013,2018,7-0,265.0
26046,1982,1991,6-1,183.0
26047,2017,2018,6-6,212.0
26048,1981,1981,6-7,210.0
26049,1994,2006,6-1,170.0
26050,1998,2006,6-10,220.0
26051,1996,1996,6-8,215.0
26052,1981,1993,6-8,220.0
26053,1986,1987,7-1,255.0
26054,2001,2001,6-5,200.0
26055,2017,2018,6-0,195.0
26056,2002,2002,7-1,260.0
26057,2005,2017,6-10,273.0
26058,2013,2014,6-9,230.0
26059,2011,2017,6-6,217.0
26060,1996,1999,6-9,240.0
26061,1998,2009,6-1,190.0
26062,2016,2018,6-6,202.0
26063,1991,2001,6-9,230.0
26064,1982,1987,6-9,215.0
26065,2012,2014,6-11,240.0
26066,1993,1993,6-6,195.0
26067,1992,1992,6-9,215.0
26068,2006,2016,6-11,232.0
26069,1982,1990,6-7,220.0
26070,1986,1992,6-2,185.0
26071,2007,2008,6-8,225.0
26072,1995,2000,6-4,190.0
26073,1990,1990,6-9,240.0
26074,1990,1992,6-10,218.0
26075,2015,2018,6-10,240.0
26076,2001,2009,6-11,245.0
26077,1982,1988,6-7,210.0
26078,2004,2004,7-5,275.0
26079,1991,1999,7-2,260.0
26080,1981,1981,7-0,220.0
26081,2005,2006,6-10,220.0
26082,2012,2018,7-0,260.0
26083,2005,2017,6-7,195.0
26084,2004,2018,6-4,220.0
26085,1988,1990,5-11,160.0
26086,2006,2012,6-5,210.0
26087,2003,2007,6-2,200.0
26088,1988,1991,6-5,185.0
26089,2013,2018,6-4,225.0
26090,1984,1988,6-11,225.0
26091,1997,2008,6-8,224.0
26092,1984,1993,6-4,180.0
26093,2009,2015,6-6,220.0
26094,2012,2018,6-1,172.0
26095,1987,1995,6-8,210.0
26096,1997,2006,6-9,240.0
26097,2011,2018,6-4,195.0
26098,1997,2012,6-9,240.0
26099,2002,2015,6-7,215.0
26100,1997,2004,6-8,225.0
26101,1996,2013,6-10,225.0
26102,1988,1988,6-4,215.0
26103,2017,2018,6-8,220.0
26104,2006,2006,6-6,205.0
26105,1994,2000,6-4,190.0
26106,2018,2018,6-1,189.0
26107,2004,2013,6-8,235.0
26108,1995,2005,6-2,190.0
26109,2014,2014,5-10,175.0
26110,2015,2018,6-8,230.0
26111,2011,2011,6-4,203.0
26112,1983,1986,6-5,195.0
26113,2006,2013,6-9,219.0
26114,1987,1988,6-11,225.0
26115,2008,2008,6-2,195.0
26116,1988,1993,6-4,195.0
26117,1998,1999,6-4,190.0
26118,1987,1989,6-2,190.0
26119,2008,2012,6-11,258.0
26120,2008,2017,6-2,175.0
26121,2002,2014,6-1,195.0
26122,1995,1999,6-7,190.0
26123,2013,2014,6-2,200.0
26124,2015,2015,6-10,230.0
26125,2015,2015,6-10,230.0
26126,1993,2005,6-6,240.0
26127,2009,2011,6-6,201.0
26128,1993,1993,6-9,255.0
26129,1986,1998,5-6,133.0
26130,1994,2008,6-9,245.0
26131,2016,2018,6-2,165.0
26132,1996,1996,6-8,232.0
26133,2006,2015,6-7,230.0
26134,2009,2016,6-6,205.0
26135,1984,1984,6-9,230.0
26136,1999,2008,6-5,210.0
26137,1998,1998,6-5,230.0
26138,1988,1990,7-0,245.0
26139,2003,2006,6-7,208.0
26140,1986,2000,7-0,245.0
26141,1994,1994,7-1,250.0
26142,1993,1997,6-11,250.0
26143,1994,2007,6-0,190.0
26144,2004,2018,6-9,250.0
26145,2005,2012,6-4,180.0
26146,1990,2001,6-6,200.0
26147,2008,2011,6-5,210.0
26148,1984,2000,6-10,230.0
26149,2009,2018,6-3,200.0
26150,2006,2006,6-10,260.0
26151,1984,1997,6-3,177.0
26152,1998,1999,6-0,165.0
26153,1988,1989,6-1,185.0
26154,1999,1999,5-10,165.0
26155,2009,2014,6-9,251.0
26156,2018,2018,6-5,190.0
26157,1988,1989,6-8,200.0
26158,1999,2005,6-9,290.0
26159,2007,2013,6-7,200.0
26160,2017,2018,6-8,204.0
26161,1990,1994,6-8,240.0
26162,2002,2005,6-9,238.0
26163,1983,1987,6-8,210.0
26164,2014,2014,6-8,270.0
26165,1988,1988,6-2,170.0
26166,1985,1986,6-3,195.0
26167,2017,2018,6-4,213.0
26168,1997,1998,5-10,160.0
26169,2011,2018,7-0,265.0
26170,1996,1996,6-9,240.0
26171,1994,2004,6-0,168.0
26172,1981,1982,6-5,235.0
26173,2015,2016,6-11,250.0
26174,2015,2018,6-8,199.0
26175,1984,1992,6-4,185.0
26176,2015,2017,6-5,195.0
26177,2003,2013,6-10,221.0
26178,2018,2018,6-7,215.0
26179,1981,1982,6-9,200.0
26180,1989,1995,6-4,185.0
26181,1981,1983,6-7,195.0
26182,2005,2018,6-6,225.0
26183,1983,1999,6-7,200.0
26184,1985,1993,6-10,220.0
26185,1986,1999,6-6,185.0
26186,1981,1986,6-11,230.0
26187,1985,1985,6-10,220.0
26188,2003,2010,5-10,185.0
26189,1994,2008,6-9,220.0
26190,2016,2017,6-8,260.0
26191,1998,2007,6-5,185.0
26192,1998,2003,6-6,215.0
26193,1982,1998,6-8,215.0
26194,2018,2018,6-5,225.0
26195,1993,1994,6-2,190.0
26196,2006,2017,6-3,200.0
26197,2012,2017,6-8,240.0
26198,1980,1980,6-2,180.0
26199,2012,2016,6-5,190.0
26200,1996,2007,6-8,220.0
26201,2003,2005,6-3,212.0
26202,1985,1986,6-9,200.0
26203,1982,1999,6-10,242.0
26204,1987,1999,6-11,215.0
26205,1999,2011,6-1,190.0
26206,2009,2011,6-9,218.0
26207,2003,2003,6-2,195.0
26208,1991,1999,6-9,240.0
26209,1997,2005,6-9,206.0
26210,1987,1995,6-8,235.0
26211,2012,2012,6-10,260.0
26212,2007,2008,6-10,225.0
26213,1991,1994,6-9,205.0
26214,1984,1989,6-2,175.0
26215,1993,2000,6-9,200.0
26216,2006,2018,6-1,175.0
26218,2007,2010,6-3,205.0
26218,2008,2009,6-7,205.0
26219,2006,2018,6-9,237.0
26220,2018,2018,6-5,210.0
26221,1989,1999,6-2,175.0
26222,1990,1990,6-8,255.0
26223,2004,2016,6-1,198.0
26224,1995,2003,6-8,225.0
26225,1986,1987,6-7,190.0
26227,1988,1997,6-7,190.0
26227,2010,2017,6-6,205.0
26228,1983,1983,6-1,175.0
26229,1983,1984,6-2,175.0
26230,1982,1985,6-8,210.0
26231,1991,2005,6-10,230.0
26232,2008,2012,6-10,235.0
26233,1999,2007,6-1,201.0
26234,2007,2015,6-9,225.0
26235,2007,2012,6-9,250.0
26236,1980,1986,6-7,210.0
26237,2010,2013,6-6,220.0
26238,1998,1999,6-6,215.0
26239,2017,2018,6-7,218.0
26240,1993,2003,6-8,219.0
26241,1996,2007,6-7,245.0
26242,1985,2007,7-0,220.0
26243,2000,2000,6-3,180.0
26244,1980,1980,6-3,175.0
26245,2018,2018,6-10,234.0
26246,2018,2018,6-7,230.0
26247,1984,1987,6-4,175.0
26248,1988,1988,6-8,200.0
26249,1985,1987,6-0,190.0
26250,1988,1988,6-3,195.0
26251,1991,1996,6-7,210.0
26252,2017,2017,6-10,240.0
26253,1991,1993,6-5,210.0
26254,1987,2001,6-5,185.0
26255,1995,1998,6-8,256.0
26256,2016,2018,6-7,225.0
26257,1988,1988,6-8,225.0
26258,1999,1999,7-0,275.0
26259,1986,1986,6-8,200.0
26260,2014,2018,7-0,231.0
26261,1984,1992,6-6,210.0
26262,1982,1982,6-7,190.0
26263,1988,1999,6-11,230.0
26264,2001,2003,6-10,270.0
26265,2014,2018,6-4,190.0
26266,1982,1987,6-6,193.0
26267,2016,2017,6-11,220.0
26268,1989,1997,6-9,227.0
26269,1982,1982,6-7,235.0
26270,1985,1991,6-3,185.0
26271,2002,2008,7-1,245.0
26272,2003,2006,6-8,221.0
26273,1993,1996,5-10,185.0
26274,1981,1991,6-5,195.0
26275,1982,1994,6-9,215.0
26276,1990,2000,6-2,180.0
26277,2000,2017,6-6,260.0
26278,1981,1982,6-5,195.0
26279,1983,1994,6-9,225.0
26280,2006,2011,6-7,210.0
26281,2006,2007,6-3,210.0
26282,1987,1988,6-11,225.0
26283,2008,2018,6-10,210.0
26285,2012,2014,6-8,226.0
26285,2013,2013,6-1,210.0
26286,2016,2018,6-5,183.0
26287,2005,2015,6-9,205.0
26288,1991,1993,6-8,220.0
26289,2008,2011,6-8,225.0
26290,1997,2009,6-11,225.0
26291,1994,1994,7-2,270.0
26292,1995,1998,6-11,260.0
26293,2013,2016,6-6,205.0
26294,1991,1991,6-2,180.0
26295,2018,2018,6-7,260.0
26296,2003,2003,6-7,210.0
26297,1982,1982,6-9,220.0
26298,1985,1995,6-3,175.0
26299,2015,2017,6-6,215.0
26300,2016,2018,6-2,180.0
26301,1999,1999,6-7,213.0
26302,1985,1990,6-7,220.0
26303,2008,2018,6-7,210.0
26304,1987,1987,6-5,210.0
26305,2010,2013,6-6,220.0
26306,2008,2018,6-8,221.0
26307,2000,2000,7-0,220.0
26308,2009,2009,6-9,205.0
26309,2014,2018,7-0,240.0
26310,2013,2013,6-11,245.0
26311,2013,2018,7-0,253.0
26312,1980,1980,6-8,210.0
26313,1988,1988,6-10,230.0
26314,2001,2005,7-0,255.0
26315,1996,1998,7-0,250.0
26316,2006,2006,6-3,195.0
26317,2017,2017,7-0,240.0
26318,2017,2018,6-8,215.0
26319,2018,2018,6-11,250.0
26320,1983,1983,7-1,240.0
26321,2017,2018,7-1,265.0
